0;0;0;0;x;x
1;56;212;97;High_hiria_1_3_3;x
2;250;10;232;Reussia_2_1_2;x
3;198;96;120;Old_League_4_3_1;x
4;208;231;145;Reussia_2_1_1;x
5;253;246;243;Reussia_2_1_4;x
6;29;223;215;Reussia_2_1_3;x
7;107;147;97;Waltenland_5_3_1;x
8;46;49;109;Weisshugel_3_2_6;x
9;36;169;75;Kollon_3_2_3;x
10;146;30;36;Kiemlande_5_2_5;x
11;179;242;192;Dulhecht_2_1_1;x
12;125;207;59;Reussia_1_4_3;x
13;167;24;35;Sud_3_4_1;x
14;209;90;180;Dejois_3_3_2;x
15;24;84;214;Epine_2_3_3;x
16;235;33;68;Gollowyn_1_4_2;x
17;135;243;191;Almaria_2_1_3;x
18;171;16;33;Torquia_2_1_4;x
19;92;68;44;High_hiria_1_3_2;x
20;195;166;162;High_hiria_1_3_6;x
21;146;104;185;High_hiria_1_3_4;x
22;147;110;165;High_hiria_1_3_5;x
23;148;201;6;High_hiria_1_3_1;x
24;247;110;210;High_hiria_1_2_1;x
25;10;136;241;High_hiria_1_2_2;x
26;208;157;198;High_hiria_1_2_3;x
27;211;184;6;High_hiria_1_2_4;x
28;80;88;39;High_hiria_1_5_3;x
29;153;82;97;High_hiria_1_5_2;x
30;95;167;67;High_hiria_1_5_1;x
31;109;162;190;High_hiria_1_4_3;x
32;253;61;72;High_hiria_1_1_4;x
33;29;84;192;High_hiria_1_4_2;x
34;37;70;183;High_hiria_1_1_2;x
35;251;236;192;High_hiria_1_1_3;x
36;81;65;206;High_hiria_1_4_1;x
37;81;248;49;High_hiria_1_1_1;x
38;133;255;207;Old_League_4_4_2;x
39;92;104;147;Old_League_3_6_2;x
40;192;184;12;Old_League_3_6_1;x
41;208;16;6;Old_League_3_5_3;x
42;117;1;29;Old_League_4_4_1;x
43;207;146;29;Old_League_4_1_4;x
44;85;134;204;Old_League_3_4_3;x
45;222;35;151;Old_League_3_4_2;x
46;14;117;2;Old_League_2_3_5;x
47;41;34;226;Old_League_2_3_4;x
48;247;91;128;Old_League_2_3_3;x
49;85;80;120;Old_League_2_3_2;x
50;186;211;144;Old_League_1_1_1;x
51;221;12;37;Old_League_1_1_4;x
52;159;27;25;Old_League_3_1_1;x
53;0;225;99;Old_League_3_1_2;x
54;46;81;215;Old_League_3_3_1;x
55;102;97;56;Old_League_3_3_3;x
56;19;233;104;Old_League_3_3_2;x
57;46;212;47;Old_League_1_1_2;x
58;73;50;17;Old_League_3_1_3;x
59;68;133;48;Old_League_3_2_1;x
60;190;244;91;Old_League_3_4_1;x
61;152;174;82;Old_League_3_5_2;x
62;97;60;224;Old_League_3_5_1;x
63;75;180;105;Old_League_3_2_2;x
64;116;228;173;Old_League_3_2_3;x
65;212;92;126;Old_League_1_1_3;x
66;163;73;181;Old_League_1_3_2;x
67;254;192;32;Old_League_1_3_3;x
68;248;239;183;Old_League_4_1_1;x
69;79;142;36;Old_League_4_2_2;x
70;35;126;214;Old_League_4_2_3;x
71;180;177;35;Old_League_4_1_3;x
72;162;143;80;Old_League_4_1_2;x
73;29;45;61;Old_League_4_2_1;x
74;195;239;126;Old_League_2_5_1;x
75;76;112;163;Old_League_2_5_3;x
76;111;144;101;Old_League_2_5_2;x
77;13;142;175;Old_League_2_4_2;x
78;140;210;148;Old_League_2_4_1;x
79;100;66;89;Old_League_1_2_2;x
80;193;152;175;Old_League_1_3_1;x
81;86;49;178;Old_League_1_2_1;x
82;74;28;76;Old_League_2_1_3;x
83;63;104;215;Old_League_2_3_1;x
84;253;222;50;Old_League_2_2_1;x
85;8;139;239;Old_League_2_1_4;x
86;196;111;187;Old_League_2_1_1;x
87;52;153;46;Old_League_2_1_2;x
88;248;75;89;Old_League_2_2_2;x
89;37;242;41;Old_League_2_2_3;x
90;7;197;101;Old_League_2_4_3;x
91;106;48;42;Middlesept_4_3_3;x
92;60;201;196;Middlesept_4_3_4;x
93;241;85;71;Middlesept_4_3_2;x
94;75;188;228;Middlesept_4_1_4;x
95;70;144;193;Middlesept_6_1_1;x
96;41;140;245;Middlesept_6_1_3;x
97;35;87;247;Middlesept_2_2_4;x
98;153;197;18;Middlesept_6_1_2;x
99;36;7;160;Middlesept_6_1_4;x
100;203;98;229;Middlesept_4_1_2;x
101;116;66;140;Middlesept_1_3_3;x
102;199;149;15;Middlesept_4_1_1;x
103;36;46;94;Middlesept_4_4_2;x
104;65;112;158;Middlesept_4_3_1;x
105;31;207;76;Middlesept_4_4_1;x
106;233;166;16;Middlesept_4_4_3;x
107;69;69;19;Middlesept_3_2_1;x
108;235;121;201;Middlesept_3_2_3;x
109;243;249;197;Middlesept_3_2_2;x
110;91;214;157;Middlesept_4_2_2;x
111;226;114;24;Middlesept_5_1_2;x
112;195;249;240;Middlesept_3_4_3;x
113;28;102;84;Middlesept_1_4_3;x
114;89;60;65;Middlesept_1_4_4;x
115;60;75;83;Middlesept_1_4_2;x
116;236;175;91;Middlesept_6_4_3;x
117;153;136;214;Middlesept_6_4_4;x
118;195;38;126;Middlesept_6_4_2;x
119;190;15;198;Middlesept_3_4_4;x
120;30;7;36;Middlesept_6_2_2;x
121;41;23;212;Middlesept_6_4_1;x
122;0;52;173;Middlesept_3_4_2;x
123;58;193;57;Middlesept_3_3_4;x
124;134;71;244;Middlesept_3_3_3;x
125;237;11;14;Middlesept_3_3_2;x
126;55;48;129;Middlesept_3_4_1;x
127;67;27;241;Middlesept_3_1_1;x
128;234;35;219;Middlesept_3_1_3;x
129;201;105;189;Middlesept_3_1_2;x
130;179;129;131;Middlesept_3_1_4;x
131;65;244;146;Middlesept_3_3_1;x
132;168;170;178;Middlesept_6_3_3;x
133;236;101;67;Middlesept_6_2_3;x
134;12;126;191;Middlesept_6_3_1;x
135;45;177;143;Middlesept_6_3_2;x
136;237;189;182;Middlesept_6_2_1;x
137;75;58;113;Middlesept_5_4_3;x
138;201;14;157;Middlesept_5_4_2;x
139;211;162;227;Middlesept_5_4_1;x
140;119;226;212;Middlesept_5_3_4;x
141;102;189;95;Middlesept_5_4_4;x
142;104;84;72;Middlesept_5_3_3;x
143;239;236;45;Middlesept_5_3_2;x
144;56;247;185;Middlesept_5_3_1;x
145;32;124;190;Middlesept_5_1_3;x
146;211;113;125;Middlesept_5_1_4;x
147;162;27;252;Middlesept_4_2_3;x
148;191;210;244;Middlesept_4_2_4;x
149;223;158;64;Middlesept_4_1_3;x
150;157;163;47;Middlesept_4_2_1;x
151;14;2;164;Middlesept_5_1_1;x
152;89;101;108;Middlesept_1_5_4;x
153;167;114;73;Middlesept_1_5_3;x
154;244;237;192;Middlesept_2_4_2;x
155;46;111;95;Middlesept_1_3_4;x
156;153;40;112;Middlesept_2_4_4;x
157;29;152;142;Middlesept_2_4_3;x
158;85;24;32;Middlesept_2_3_3;x
159;7;79;177;Middlesept_1_2_4;x
160;173;139;96;Middlesept_1_2_3;x
161;47;158;248;Middlesept_1_2_1;x
162;89;178;144;Middlesept_1_2_2;x
163;238;231;97;Middlesept_1_4_1;x
164;209;37;242;Middlesept_1_5_2;x
165;62;192;245;Middlesept_1_5_1;x
166;218;4;10;Middlesept_1_3_1;x
167;57;107;244;Middlesept_1_3_2;x
168;56;181;203;Middlesept_5_2_2;x
169;184;85;126;Middlesept_5_2_3;x
170;37;225;227;Middlesept_5_2_1;x
171;218;18;58;Middlesept_2_4_1;x
172;219;231;108;Middlesept_1_1_4;x
173;28;235;66;Middlesept_1_1_3;x
174;187;145;165;Middlesept_1_1_2;x
175;229;32;243;Middlesept_1_1_1;x
176;198;120;169;Middlesept_2_2_3;x
177;125;225;13;Middlesept_2_3_2;x
178;165;190;10;Middlesept_2_1_4;x
179;23;156;103;Middlesept_2_1_1;x
180;207;168;182;Middlesept_2_3_1;x
181;126;175;10;Middlesept_2_2_2;x
182;98;225;78;Middlesept_2_2_1;x
183;49;138;23;Middlesept_2_1_2;x
184;147;78;36;Middlesept_2_1_3;x
185;162;45;165;Imperial_Preserve_1_2_1;x
186;201;216;180;Imperial_Preserve_1_1_2;x
187;81;78;177;Imperial_Preserve_1_1_3;x
188;135;200;35;Imperial_Preserve_1_1_1;x
189;74;190;4;Imperial_Preserve_1_2_4;x
190;133;157;141;Imperial_Preserve_1_2_3;x
191;174;154;122;Imperial_Preserve_1_2_2;x
192;199;13;245;Imperial_Preserve_2_5_1;x
193;189;2;110;Imperial_Preserve_1_4_4;x
194;230;237;111;Imperial_Preserve_1_4_2;x
195;162;131;165;Imperial_Preserve_2_5_3;x
196;164;35;255;Imperial_Preserve_2_1_1;x
197;73;124;213;Imperial_Preserve_1_3_1;x
198;50;202;180;Imperial_Preserve_1_4_3;x
199;127;104;198;Imperial_Preserve_1_4_1;x
200;145;72;62;Imperial_Preserve_2_2_2;x
201;7;10;53;Imperial_Preserve_2_4_4;x
202;167;149;225;Imperial_Preserve_2_5_4;x
203;133;77;233;Imperial_Preserve_2_5_2;x
204;15;5;159;Imperial_Preserve_2_4_3;x
205;162;83;192;Imperial_Preserve_2_2_4;x
206;228;232;246;Imperial_Preserve_1_3_3;x
207;27;254;247;Imperial_Preserve_1_3_2;x
208;24;3;145;Imperial_Preserve_2_2_1;x
209;179;166;75;Imperial_Preserve_2_2_3;x
210;70;218;119;Imperial_Preserve_2_3_2;x
211;59;109;69;Imperial_Preserve_2_3_1;x
212;99;33;189;Imperial_Preserve_2_1_2;x
213;94;38;122;Imperial_Preserve_2_3_3;x
214;197;179;79;Imperial_Preserve_2_1_3;x
215;240;157;120;Imperial_Preserve_2_4_1;x
216;71;31;105;Imperial_Preserve_2_4_2;x
217;146;56;96;Alben_1_1_1;x
218;175;255;75;Alben_1_1_3;x
219;67;192;165;Alben_1_2_3;x
220;223;103;180;Alben_1_1_2;x
221;0;208;117;Alben_1_2_1;x
222;241;82;47;Alben_1_2_2;x
223;235;26;91;Alben_1_2_4;x
224;129;133;126;Alben_1_4_3;x
225;11;13;20;Alben_1_4_4;x
226;233;102;0;Alben_1_4_1;x
227;209;61;165;Alben_1_4_2;x
228;243;58;197;Alben_1_3_3;x
229;31;48;211;Alben_1_3_1;x
230;219;86;70;Alben_1_3_4;x
231;243;128;211;Alben_1_3_2;x
232;39;184;196;Alben_1_5_1;x
233;208;33;242;Alben_1_5_2;x
234;202;194;7;Alben_1_5_3;x
235;28;231;15;Alben_2_2_1;x
236;166;221;35;Alben_3_1_5;x
237;236;170;136;Alben_3_1_4;x
238;40;137;122;Alben_3_1_3;x
239;228;31;178;Alben_3_1_2;x
240;190;97;5;Alben_3_1_1;x
241;233;183;158;Alben_2_1_1;x
242;129;51;43;Alben_2_1_2;x
243;174;2;224;Alben_2_1_3;x
244;18;190;125;Alben_2_3_1;x
245;135;59;236;Alben_3_3_3;x
246;61;247;56;Alben_2_4_1;x
247;229;217;6;Alben_3_5_3;x
248;97;108;99;Alben_3_5_1;x
249;75;243;28;Alben_3_2_3;x
250;117;47;74;Alben_3_2_2;x
251;163;13;10;Alben_3_2_1;x
252;47;68;200;Alben_3_2_4;x
253;161;70;98;Alben_3_5_4;x
254;114;99;138;Alben_2_4_3;x
255;130;148;23;Alben_3_5_2;x
256;61;119;252;Alben_3_3_4;x
257;0;67;208;Alben_3_3_2;x
258;127;217;217;Alben_3_3_1;x
259;33;225;114;Alben_3_4_3;x
260;171;29;112;Alben_3_4_2;x
261;127;21;137;Alben_2_4_2;x
262;36;59;59;Alben_3_4_1;x
263;155;93;131;Alben_2_2_2;x
264;171;182;198;Alben_2_2_3;x
265;165;8;132;Alben_2_3_3;x
266;137;112;110;Alben_2_3_2;x
267;144;140;219;Intermark_1_1_3;x
268;97;186;60;Intermark_1_1_2;x
269;143;176;36;Intermark_1_1_1;x
270;93;170;211;Intermark_1_2_1;x
271;239;126;77;Intermark_2_1_1;x
272;73;250;72;Intermark_4_1_1;x
273;247;59;217;Intermark_4_1_2;x
274;38;168;93;Intermark_3_1_1;x
275;72;152;113;Intermark_3_1_3;x
276;192;114;12;Intermark_3_1_2;x
277;227;25;18;Intermark_3_2_1;x
278;88;93;251;Intermark_3_2_2;x
279;125;93;71;Intermark_1_4_2;x
280;200;190;32;Intermark_1_4_1;x
281;132;59;82;Intermark_1_2_3;x
282;15;130;99;Intermark_1_2_2;x
283;124;42;110;Intermark_1_3_2;x
284;165;10;201;Intermark_3_2_3;x
285;74;92;222;Intermark_1_3_1;x
286;15;13;210;Intermark_1_4_3;x
287;9;130;28;Intermark_1_4_4;x
288;48;242;50;Intermark_1_3_3;x
289;182;101;163;Intermark_2_3_2;x
290;189;4;19;Intermark_2_3_1;x
291;202;149;83;Intermark_3_3_1;x
292;47;240;56;Intermark_3_4_1;x
293;125;161;4;Intermark_3_4_3;x
294;54;88;28;Intermark_2_3_3;x
295;31;196;176;Intermark_2_4_1;x
296;73;29;203;Intermark_2_3_4;x
297;127;195;128;Intermark_2_4_3;x
298;180;17;114;Intermark_2_1_3;x
299;139;240;219;Intermark_2_2_2;x
300;104;39;208;Intermark_2_1_2;x
301;204;215;201;Intermark_3_4_2;x
302;68;73;102;Intermark_3_3_2;x
303;160;84;247;Intermark_3_3_3;x
304;66;36;231;Intermark_5_3_1;x
305;248;191;107;Intermark_5_3_2;x
306;56;171;244;Intermark_5_3_3;x
307;6;20;46;Intermark_5_5_3;x
308;239;104;105;Intermark_5_5_4;x
309;147;139;226;Intermark_2_2_3;x
310;241;93;232;Intermark_2_4_2;x
311;162;163;40;Intermark_2_4_4;x
312;195;212;246;Intermark_4_4_2;x
313;172;186;241;Intermark_5_1_1;x
314;60;194;92;Intermark_4_4_1;x
315;12;233;94;Intermark_2_2_1;x
316;204;149;184;Intermark_5_1_2;x
317;57;31;114;Intermark_5_1_3;x
318;208;56;118;Intermark_5_5_1;x
319;32;78;160;Intermark_5_4_1;x
320;157;53;199;Intermark_5_4_4;x
321;243;247;234;Intermark_5_5_2;x
322;245;78;189;Intermark_5_4_3;x
323;208;114;90;Intermark_5_4_2;x
324;193;80;108;Intermark_5_2_1;x
325;107;63;88;Intermark_5_2_2;x
326;249;64;0;Intermark_5_2_3;x
327;179;199;29;Intermark_4_4_4;x
328;91;200;121;Intermark_4_4_3;x
329;225;117;103;Intermark_4_3_3;x
330;197;125;70;Intermark_4_2_2;x
331;157;233;89;Intermark_4_3_1;x
332;7;248;220;Intermark_4_1_3;x
333;188;116;164;Intermark_4_2_1;x
334;105;205;70;Intermark_4_1_4;x
335;223;174;236;Intermark_4_3_2;x
336;124;178;191;Intermark_4_2_3;x
337;80;177;94;river_1;x
338;49;6;129;Weisshugel_3_2_1;x
339;155;32;59;Weisshugel_3_2_2;x
340;82;221;120;Weisshugel_3_2_5;x
341;213;12;174;Weisshugel_3_2_3;x
342;42;72;141;Weisshugel_3_2_4;x
343;254;191;59;Weisshugel_3_3_3;x
344;247;132;138;Weisshugel_3_3_1;x
345;131;8;71;Weisshugel_3_3_4;x
346;33;89;132;Weisshugel_3_3_2;x
347;134;188;186;Weisshugel_3_1_2;x
348;66;45;153;Weisshugel_3_4_3;x
349;155;207;203;Weisshugel_3_1_1;x
350;161;210;214;Weisshugel_3_4_2;x
351;152;4;16;Weisshugel_3_1_3;x
352;50;229;215;Weisshugel_3_4_1;x
353;223;1;21;Weisshugel_2_3_3;x
354;142;139;19;Weisshugel_2_3_4;x
355;27;220;97;Weisshugel_2_2_4;x
356;139;224;32;Weisshugel_4_3_1;x
357;101;119;233;Weisshugel_4_3_2;x
358;122;159;167;Weisshugel_4_3_3;x
359;108;119;35;Weisshugel_2_1_3;x
360;26;196;9;Weisshugel_4_1_2;x
361;220;153;131;Weisshugel_2_3_2;x
362;131;158;35;Weisshugel_2_3_1;x
363;114;131;36;Weisshugel_2_2_2;x
364;227;77;60;Weisshugel_2_1_2;x
365;5;25;12;Weisshugel_2_2_3;x
366;32;60;133;Weisshugel_2_2_1;x
367;74;219;193;Weisshugel_4_3_4;x
368;18;15;206;Weisshugel_4_1_1;x
369;137;32;224;Weisshugel_4_4_4;x
370;127;246;120;Weisshugel_4_4_3;x
371;142;243;197;Weisshugel_4_1_4;x
372;94;247;50;Weisshugel_4_4_2;x
373;215;170;244;Weisshugel_4_4_1;x
374;220;212;161;Weisshugel_4_2_3;x
375;26;49;214;Weisshugel_4_1_3;x
376;113;90;74;Weisshugel_4_2_4;x
377;47;18;114;Weisshugel_4_2_1;x
378;62;181;224;Weisshugel_1_4_4;x
379;219;197;159;Weisshugel_1_4_3;x
380;71;113;162;Weisshugel_4_2_2;x
381;60;193;216;Weisshugel_1_1_1;x
382;152;77;205;Weisshugel_1_2_1;x
383;176;198;139;Weisshugel_1_1_4;x
384;134;132;253;Weisshugel_1_1_2;x
385;199;147;73;Weisshugel_1_1_3;x
386;252;92;21;Weisshugel_1_4_1;x
387;48;155;31;Weisshugel_1_4_2;x
388;205;165;187;Weisshugel_1_3_3;x
389;212;183;165;Weisshugel_1_2_4;x
390;44;185;72;Weisshugel_1_3_4;x
391;139;146;187;Weisshugel_2_1_1;x
392;103;156;222;Weisshugel_1_2_2;x
393;32;106;65;Weisshugel_1_2_3;x
394;131;128;8;Weisshugel_1_3_1;x
395;193;229;46;Weisshugel_1_3_2;x
396;192;6;186;Waltenland_5_3_3;x
397;40;167;133;Waltenland_5_3_2;x
398;18;226;118;Waltenland_5_4_2;x
399;117;53;99;Waltenland_5_4_3;x
400;187;173;199;Waltenland_5_4_1;x
401;104;160;67;Waltenland_5_1_3;x
402;181;28;238;Waltenland_5_2_1;x
403;211;127;61;Waltenland_5_2_3;x
404;11;47;72;Waltenland_5_2_2;x
405;204;92;141;Waltenland_6_1_1;x
406;192;20;205;Waltenland_6_4_3;x
407;184;78;27;Waltenland_6_4_4;x
408;94;222;172;Waltenland_6_2_4;x
409;132;193;184;Waltenland_4_3_4;x
410;251;141;91;Waltenland_6_2_1;x
411;143;7;97;Waltenland_6_2_2;x
412;46;109;165;Waltenland_6_1_2;x
413;4;43;178;Waltenland_6_1_4;x
414;248;218;132;Waltenland_6_1_3;x
415;76;69;0;Waltenland_2_2_4;x
416;225;184;205;Waltenland_2_4_1;x
417;5;82;202;Waltenland_4_3_2;x
418;65;150;86;Waltenland_2_4_3;x
419;198;6;95;Waltenland_2_4_4;x
420;74;48;29;Waltenland_2_4_2;x
421;148;198;50;Waltenland_3_3_3;x
422;199;194;198;Waltenland_5_1_1;x
423;95;42;28;Waltenland_4_2_3;x
424;209;252;110;Waltenland_5_1_2;x
425;138;207;147;Waltenland_1_3_2;x
426;66;43;143;Waltenland_1_3_1;x
427;10;213;40;Waltenland_4_3_3;x
428;204;163;122;Waltenland_1_1_1;x
429;15;212;133;Waltenland_1_1_4;x
430;195;127;100;Waltenland_1_1_2;x
431;201;53;84;Waltenland_1_1_3;x
432;70;255;109;Waltenland_1_2_1;x
433;119;126;121;Waltenland_1_2_2;x
434;101;172;10;Waltenland_1_2_3;x
435;145;134;178;Waltenland_4_1_1;x
436;77;111;198;Waltenland_4_1_2;x
437;186;233;126;Waltenland_2_3_4;x
438;164;41;34;Waltenland_6_3_1;x
439;245;243;206;Waltenland_4_4_1;x
440;62;22;225;Waltenland_4_4_3;x
441;138;57;11;Waltenland_4_4_2;x
442;176;89;248;Waltenland_4_1_3;x
443;192;53;10;Waltenland_4_2_2;x
444;174;10;126;Waltenland_4_2_1;x
445;88;238;99;Waltenland_1_3_3;x
446;36;207;68;Waltenland_6_2_3;x
447;105;176;71;Waltenland_6_3_2;x
448;48;7;254;Waltenland_6_4_1;x
449;71;207;89;Waltenland_6_4_2;x
450;85;147;46;Waltenland_6_3_3;x
451;6;96;173;Waltenland_2_3_2;x
452;158;118;99;Waltenland_4_3_1;x
453;253;245;75;Waltenland_2_3_3;x
454;60;167;45;Waltenland_2_3_1;x
455;184;243;238;Waltenland_2_2_2;x
456;48;59;147;Waltenland_2_1_4;x
457;208;61;10;Waltenland_2_1_1;x
458;175;184;188;Waltenland_2_2_1;x
459;133;182;46;Waltenland_2_1_3;x
460;114;7;244;Waltenland_2_1_2;x
461;246;179;143;Waltenland_2_2_3;x
462;143;87;151;Waltenland_3_1_4;x
463;61;18;35;Waltenland_3_1_2;x
464;231;112;168;Waltenland_3_1_3;x
465;230;19;111;Waltenland_3_1_1;x
466;56;2;69;Waltenland_3_3_2;x
467;70;58;46;Waltenland_3_3_1;x
468;188;67;240;Waltenland_3_2_1;x
469;36;16;178;Waltenland_3_2_2;x
470;144;205;255;Waltenland_3_2_3;x
471;210;79;28;Waltenland_3_4_1;x
472;127;72;39;Waltenland_3_2_4;x
473;225;74;92;Waltenland_3_4_2;x
474;137;118;195;Waltenland_3_4_3;x
475;29;12;62;Kollon_3_2_4;x
476;221;65;219;Kollon_3_2_5;x
477;41;82;223;Kollon_3_3_3;x
478;171;174;183;Kollon_3_3_4;x
479;70;130;220;Kollon_3_4_3;x
480;225;43;105;Kollon_1_4_3;x
481;175;173;254;Kollon_1_4_4;x
482;65;167;29;Kollon_1_4_2;x
483;234;20;179;Kollon_1_4_5;x
484;230;111;96;Kollon_1_4_1;x
485;70;70;174;Kollon_4_4_4;x
486;229;4;6;Kollon_4_4_3;x
487;214;125;11;Kollon_4_2_2;x
488;247;37;140;Kollon_3_3_2;x
489;200;155;166;Kollon_3_2_2;x
490;96;200;137;Kollon_1_1_3;x
491;130;72;172;Kollon_1_1_1;x
492;15;158;145;Kollon_1_2_4;x
493;140;22;244;Kollon_1_1_4;x
494;80;131;74;Kollon_1_3_3;x
495;122;23;173;Kollon_3_2_1;x
496;92;104;27;Kollon_3_1_3;x
497;18;5;30;Kollon_3_1_2;x
498;73;157;60;Kollon_3_1_1;x
499;24;121;5;Kollon_1_3_4;x
500;250;141;124;Kollon_1_3_1;x
501;117;223;128;Kollon_1_3_2;x
502;120;153;163;Kollon_3_1_4;x
503;81;124;12;Kollon_1_1_2;x
504;59;95;35;Kollon_1_2_1;x
505;1;100;146;Kollon_1_2_2;x
506;80;52;18;Kollon_2_1_1;x
507;233;212;54;Kollon_1_2_3;x
508;54;178;82;Kollon_2_3_2;x
509;61;190;167;Kollon_2_3_1;x
510;197;134;20;Kollon_2_1_3;x
511;122;168;218;Kollon_2_1_2;x
512;250;200;38;Kollon_4_4_2;x
513;89;127;90;Kollon_2_2_1;x
514;113;142;71;Kollon_2_1_4;x
515;137;238;71;Kollon_2_2_2;x
516;234;35;107;Kollon_3_4_2;x
517;171;19;144;Kollon_3_4_1;x
518;8;222;19;Kollon_3_3_1;x
519;135;50;167;Kollon_4_4_1;x
520;240;130;237;Kollon_4_1_3;x
521;104;80;149;Kollon_4_1_2;x
522;76;225;139;Kollon_2_2_4;x
523;93;52;188;Kollon_4_1_1;x
524;234;103;15;Kollon_2_2_3;x
525;84;199;7;Kollon_2_4_3;x
526;148;120;50;Kollon_2_4_4;x
527;197;51;176;Kollon_2_3_3;x
528;228;226;25;Kollon_2_4_2;x
529;42;238;204;Kollon_2_4_1;x
530;151;56;18;Kollon_2_4_5;x
531;50;21;35;Kollon_4_1_4;x
532;208;215;154;Kiemlande_5_2_2;x
533;28;92;98;Kiemlande_5_2_4;x
534;107;33;117;Kiemlande_5_2_3;x
535;242;171;8;Kiemlande_5_2_1;x
536;216;113;54;Kiemlande_5_3_2;x
537;89;103;56;Kiemlande_5_3_1;x
538;240;153;199;Kiemlande_5_3_3;x
539;220;23;189;Kiemlande_7_3_3;x
540;185;239;46;Kiemlande_7_3_2;x
541;189;89;198;Kiemlande_7_3_1;x
542;191;53;40;Kiemlande_7_2_1;x
543;92;199;104;Kiemlande_7_2_3;x
544;81;114;26;Kiemlande_7_2_2;x
545;190;119;143;Kiemlande_7_1_2;x
546;32;212;129;Kiemlande_6_5_3;x
547;2;42;225;Kiemlande_7_1_3;x
548;9;145;189;Kiemlande_7_1_4;x
549;242;222;100;Kiemlande_6_5_4;x
550;215;237;10;Kiemlande_6_5_1;x
551;16;174;4;Kiemlande_6_5_2;x
552;149;218;255;Kiemlande_6_4_4;x
553;173;85;254;Kiemlande_6_4_3;x
554;10;19;160;Kiemlande_6_3_3;x
555;67;128;65;Kiemlande_4_3_2;x
556;95;208;104;Kiemlande_6_4_1;x
557;86;115;132;Kiemlande_6_4_2;x
558;153;216;190;Kiemlande_6_3_4;x
559;118;5;180;Kiemlande_6_3_2;x
560;40;221;253;Kiemlande_6_3_1;x
561;89;187;242;Kiemlande_4_3_4;x
562;228;75;208;Kiemlande_4_3_3;x
563;149;91;52;Kiemlande_7_1_1;x
564;150;95;94;Kiemlande_6_1_3;x
565;230;156;116;Kiemlande_6_1_1;x
566;80;136;199;Kiemlande_6_2_4;x
567;123;126;101;Kiemlande_6_2_2;x
568;160;85;13;Kiemlande_6_2_3;x
569;114;127;122;Kiemlande_6_1_2;x
570;33;33;246;Kiemlande_6_2_1;x
571;32;150;244;Kiemlande_3_4_3;x
572;21;41;251;Kiemlande_4_3_1;x
573;66;26;229;Kiemlande_5_1_1;x
574;9;34;166;Kiemlande_3_4_4;x
575;22;151;180;Kiemlande_5_1_4;x
576;199;209;94;Kiemlande_4_1_1;x
577;48;209;61;Kiemlande_4_1_2;x
578;29;181;43;Kiemlande_4_2_3;x
579;87;126;243;Kiemlande_4_2_1;x
580;188;169;19;Kiemlande_4_1_3;x
581;213;190;154;Kiemlande_4_2_2;x
582;97;215;237;Kiemlande_4_2_4;x
583;208;169;99;Kiemlande_2_1_2;x
584;79;205;158;Kiemlande_2_1_4;x
585;201;47;120;Kiemlande_2_3_1;x
586;27;187;178;Kiemlande_2_3_3;x
587;254;8;146;Kiemlande_3_2_4;x
588;129;207;138;Kiemlande_3_2_2;x
589;29;105;190;Kiemlande_3_2_3;x
590;0;159;188;Kiemlande_3_2_1;x
591;143;92;130;Kiemlande_2_3_4;x
592;78;126;248;Kiemlande_3_1_2;x
593;191;38;170;Kiemlande_2_2_3;x
594;132;41;99;Kiemlande_3_3_1;x
595;126;85;179;Kiemlande_3_3_2;x
596;91;224;54;Kiemlande_3_4_1;x
597;150;215;85;Kiemlande_3_4_2;x
598;62;148;251;Kiemlande_3_3_3;x
599;201;215;117;Kiemlande_3_3_4;x
600;113;138;162;Kiemlande_2_2_1;x
601;14;148;228;Kiemlande_2_2_2;x
602;103;40;110;Kiemlande_2_3_2;x
603;192;129;177;Kiemlande_2_4_1;x
604;24;21;145;Kiemlande_2_2_4;x
605;193;83;210;Kiemlande_5_1_3;x
606;53;52;238;Kiemlande_5_1_2;x
607;182;79;253;Kiemlande_2_4_3;x
608;205;6;141;Kiemlande_2_4_4;x
609;193;202;106;Kiemlande_2_4_2;x
610;53;183;58;Kiemlande_1_3_1;x
611;90;170;104;Kiemlande_1_4_3;x
612;74;129;127;Kiemlande_1_4_2;x
613;230;107;172;Kiemlande_1_4_1;x
614;178;213;43;Kiemlande_1_2_4;x
615;178;151;112;Kiemlande_1_2_2;x
616;140;73;35;Kiemlande_1_3_4;x
617;146;169;236;Kiemlande_1_2_3;x
618;206;202;102;Kiemlande_1_3_2;x
619;120;15;13;Kiemlande_1_3_3;x
620;201;253;235;Kiemlande_3_1_4;x
621;189;180;110;Kiemlande_3_1_3;x
622;213;190;59;Kiemlande_3_1_1;x
623;141;84;103;Kiemlande_1_1_4;x
624;55;207;152;Kiemlande_1_1_2;x
625;192;125;20;Kiemlande_1_2_1;x
626;3;211;59;Kiemlande_2_1_3;x
627;147;36;53;Kiemlande_1_1_3;x
628;52;176;15;Kiemlande_1_1_1;x
629;143;28;78;Kiemlande_2_1_1;x
630;134;54;177;Dulhecht_1_1_5;x
631;70;247;91;Dulhecht_1_1_1;x
632;120;154;78;Dulhecht_1_1_4;x
633;234;35;0;Dulhecht_1_1_2;x
634;221;133;77;Dulhecht_2_1_3;x
635;215;115;49;Dulhecht_2_1_2;x
636;222;194;240;Dulhecht_2_1_4;x
637;91;75;164;Dulhecht_5_2_3;x
638;89;99;109;Dulhecht_5_2_1;x
639;221;22;208;Dulhecht_5_2_2;x
640;40;109;143;Dulhecht_5_2_4;x
641;179;82;11;Dulhecht_3_1_3;x
642;116;13;81;Dulhecht_1_1_3;x
643;70;193;52;Dulhecht_1_2_1;x
644;44;25;93;Dulhecht_2_2_1;x
645;113;221;179;Dulhecht_1_3_1;x
646;9;165;105;Dulhecht_1_3_2;x
647;211;129;251;Dulhecht_1_2_2;x
648;68;1;168;Dulhecht_1_2_3;x
649;110;166;213;Dulhecht_1_3_3;x
650;202;143;109;Dulhecht_2_3_2;x
651;216;212;176;Dulhecht_2_3_1;x
652;154;184;43;Dulhecht_2_2_2;x
653;251;96;153;Dulhecht_2_2_3;x
654;190;76;107;Dulhecht_2_3_3;x
655;133;139;67;Dulhecht_3_1_4;x
656;77;126;46;Dulhecht_3_1_2;x
657;243;17;135;Dulhecht_3_1_1;x
658;141;168;36;Dulhecht_2_4_1;x
659;49;90;230;Dulhecht_2_4_2;x
660;22;77;78;Dulhecht_2_4_3;x
661;133;230;55;Dulhecht_4_3_1;x
662;119;82;44;Dulhecht_4_1_1;x
663;107;52;59;Dulhecht_4_1_2;x
664;129;54;235;Dulhecht_2_3_4;x
665;18;224;31;Dulhecht_4_1_3;x
666;155;230;214;Dulhecht_3_2_2;x
667;254;223;82;Dulhecht_3_2_4;x
668;32;59;18;Dulhecht_3_3_2;x
669;198;185;254;Dulhecht_3_3_1;x
670;99;133;221;Dulhecht_3_3_3;x
671;102;55;111;Dulhecht_3_3_4;x
672;110;121;237;Dulhecht_4_2_3;x
673;102;16;175;Dulhecht_3_2_3;x
674;173;168;170;Dulhecht_3_2_1;x
675;31;30;10;Dulhecht_4_2_2;x
676;161;107;37;Dulhecht_4_2_1;x
677;123;201;110;Dulhecht_4_1_4;x
678;198;81;100;Dulhecht_4_3_2;x
679;99;233;52;Dulhecht_4_3_3;x
680;167;226;125;Dulhecht_4_4_3;x
681;252;33;197;Dulhecht_4_4_2;x
682;36;213;18;Dulhecht_4_4_1;x
683;123;104;12;river_3;x
684;255;144;196;Dulhecht_4_5_4;x
685;147;178;92;Dulhecht_4_5_3;x
686;130;222;52;Dulhecht_4_4_4;x
687;55;227;222;Dulhecht_4_5_2;x
688;243;72;27;Dulhecht_4_5_1;x
689;81;33;150;Dulhecht_5_3_3;x
690;242;86;134;Dulhecht_5_1_1;x
691;177;25;62;Dulhecht_5_1_4;x
692;154;141;133;Dulhecht_5_1_3;x
693;77;119;203;Dulhecht_5_1_2;x
694;8;83;147;Dulhecht_5_3_1;x
695;233;2;183;Dulhecht_5_4_3;x
696;199;135;51;Dulhecht_5_3_4;x
697;137;91;187;Dulhecht_5_4_2;x
698;99;26;153;Dulhecht_5_4_1;x
699;199;156;103;Dulhecht_5_3_2;x
700;72;103;246;Kollon_4_3_3;x
701;54;101;218;Kollon_4_2_1;x
702;96;130;69;Kollon_4_2_3;x
703;15;27;141;Kollon_4_2_4;x
704;170;206;136;Kollon_4_3_4;x
705;78;69;54;Almaria_1_1_2;x
706;191;110;196;Kollon_4_3_1;x
707;88;21;210;river_7;x
708;178;1;77;Almaria_2_1_1;x
709;217;23;248;Almaria_2_1_4;x
710;211;47;217;Almaria_1_2_1;x
711;174;144;50;Almaria_2_1_2;x
712;99;79;40;Almaria_1_1_1;x
713;201;160;235;Almaria_1_1_3;x
714;70;180;64;Almaria_2_3_2;x
715;45;105;35;Almaria_2_3_1;x
716;166;154;94;Almaria_3_1_1;x
717;144;102;172;Almaria_2_2_1;x
718;129;188;161;Almaria_2_2_2;x
719;151;239;39;Almaria_2_3_4;x
720;191;31;154;Almaria_2_3_3;x
721;171;100;7;Almaria_2_2_4;x
722;170;211;225;Almaria_2_2_3;x
723;47;247;15;Almaria_1_3_3;x
724;101;75;209;Almaria_1_3_2;x
725;248;17;214;Almaria_1_3_1;x
726;217;198;238;Almaria_1_2_3;x
727;102;3;121;Almaria_1_2_2;x
728;123;211;77;Almaria_5_3_3;x
729;72;81;60;Almaria_3_2_1;x
730;169;41;222;Almaria_3_1_2;x
731;143;249;114;Almaria_3_1_3;x
732;144;2;6;Almaria_3_1_4;x
733;72;195;90;Almaria_3_3_1;x
734;199;240;82;Almaria_6_2_3;x
735;220;184;195;Almaria_6_2_4;x
736;165;71;226;Almaria_6_3_4;x
737;41;249;100;Almaria_6_3_3;x
738;73;171;132;Almaria_6_3_2;x
739;64;219;69;Almaria_6_2_2;x
740;110;67;4;Almaria_6_3_1;x
741;255;235;140;Almaria_5_1_3;x
742;156;97;115;Almaria_5_2_4;x
743;150;4;5;Almaria_6_1_1;x
744;42;218;244;Almaria_6_1_2;x
745;133;82;157;Almaria_6_1_3;x
746;211;71;32;Almaria_6_2_1;x
747;251;97;76;Almaria_5_3_1;x
748;111;166;51;Almaria_5_3_2;x
749;139;103;74;Almaria_5_2_3;x
750;90;174;190;Almaria_5_1_2;x
751;83;241;125;Almaria_5_2_2;x
752;16;115;115;Almaria_5_1_1;x
753;58;210;12;Almaria_5_2_1;x
754;97;232;44;Almaria_4_1_3;x
755;30;180;80;Almaria_4_1_1;x
756;98;239;109;Almaria_4_3_3;x
757;187;126;54;Almaria_4_3_2;x
758;131;194;133;Almaria_4_1_4;x
759;35;22;249;Almaria_4_2_3;x
760;62;69;158;Almaria_4_2_2;x
761;249;90;54;Almaria_4_4_4;x
762;176;190;192;Almaria_4_3_1;x
763;32;24;139;Almaria_4_4_3;x
764;191;197;101;Almaria_4_2_4;x
765;33;227;43;Almaria_4_4_2;x
766;105;175;125;Almaria_4_4_1;x
767;208;97;21;Almaria_3_2_2;x
768;79;138;5;Almaria_3_3_4;x
769;116;45;108;Almaria_4_1_2;x
770;112;92;124;Almaria_4_2_1;x
771;73;58;103;Almaria_3_3_3;x
772;201;25;149;Almaria_3_3_2;x
773;123;198;218;Almaria_3_2_3;x
774;236;45;43;Almaria_3_4_1;x
775;87;53;75;Almaria_3_4_2;x
776;179;230;11;Almaria_3_2_4;x
777;80;123;150;Almaria_3_4_3;x
778;199;41;230;Gollowyn_1_4_1;x
779;239;179;183;Gollowyn_1_4_3;x
780;85;127;44;Gollowyn_1_4_4;x
781;219;157;255;Gollowyn_6_1_1;x
782;79;203;61;Gollowyn_6_1_3;x
783;249;140;88;Gollowyn_6_1_2;x
784;122;18;180;Gollowyn_6_3_1;x
785;124;226;43;Gollowyn_1_1_1;x
786;24;209;96;Gollowyn_1_1_2;x
787;135;0;42;Gollowyn_1_1_3;x
788;21;169;239;Gollowyn_1_3_1;x
789;115;140;200;Gollowyn_1_3_3;x
790;107;167;208;Gollowyn_1_3_4;x
791;164;193;189;Gollowyn_1_3_2;x
792;216;242;8;Gollowyn_2_1_1;x
793;20;96;43;Gollowyn_2_1_3;x
794;122;33;67;Gollowyn_2_2_1;x
795;32;246;52;Gollowyn_4_1_3;x
796;55;191;39;Gollowyn_4_1_2;x
797;28;66;35;Gollowyn_4_1_4;x
798;34;46;239;Gollowyn_4_4_2;x
799;61;108;119;Gollowyn_4_4_1;x
800;231;128;119;Gollowyn_4_1_1;x
801;232;55;187;Gollowyn_2_1_2;x
802;136;14;88;Gollowyn_2_3_1;x
803;54;223;23;Gollowyn_3_1_1;x
804;18;107;88;Gollowyn_3_1_2;x
805;9;15;222;Gollowyn_3_2_1;x
806;182;84;30;Gollowyn_3_1_3;x
807;69;55;137;Gollowyn_1_2_1;x
808;216;241;25;Gollowyn_3_3_3;x
809;172;140;58;Gollowyn_3_3_2;x
810;208;91;115;Gollowyn_5_2_2;x
811;84;28;126;Gollowyn_5_2_1;x
812;248;144;44;Gollowyn_5_2_3;x
813;156;131;197;Gollowyn_3_3_1;x
814;176;13;80;Gollowyn_3_2_3;x
815;98;105;36;Gollowyn_3_2_2;x
816;43;3;245;Gollowyn_2_3_3;x
817;70;251;124;Gollowyn_2_3_2;x
818;122;97;161;Gollowyn_2_2_2;x
819;166;140;41;Gollowyn_2_3_4;x
820;202;168;38;Gollowyn_2_4_2;x
821;6;178;39;Gollowyn_2_4_3;x
822;133;80;7;Gollowyn_2_4_1;x
823;123;76;147;Gollowyn_5_1_1;x
824;77;236;181;Gollowyn_5_1_2;x
825;7;104;6;Gollowyn_5_1_4;x
826;156;237;106;Gollowyn_5_3_1;x
827;61;58;127;Gollowyn_1_2_2;x
828;195;90;18;Gollowyn_5_3_3;x
829;126;19;110;Gollowyn_5_3_2;x
830;237;230;43;Gollowyn_2_2_3;x
831;211;124;217;Gollowyn_1_2_3;x
832;7;166;2;Gollowyn_1_2_4;x
833;195;142;32;Gollowyn_4_2_1;x
834;115;109;98;Gollowyn_5_2_4;x
835;71;161;245;Gollowyn_5_3_4;x
836;241;175;185;Gollowyn_5_4_2;x
837;22;162;166;Gollowyn_4_3_3;x
838;61;121;130;Gollowyn_5_4_3;x
839;55;221;82;Gollowyn_5_4_1;x
840;178;14;23;Gollowyn_6_2_3;x
841;161;109;8;Gollowyn_6_2_1;x
842;51;45;19;Gollowyn_6_2_2;x
843;53;25;220;Gollowyn_4_4_3;x
844;245;238;222;Gollowyn_6_3_2;x
845;83;86;24;Gollowyn_6_3_3;x
846;106;128;46;Gollowyn_6_4_1;x
847;16;201;137;Gollowyn_6_4_3;x
848;30;162;221;Gollowyn_4_2_4;x
849;50;27;108;Gollowyn_4_2_2;x
850;189;82;202;Gollowyn_5_1_3;x
851;48;110;43;Gollowyn_4_2_3;x
852;211;189;221;Gollowyn_4_3_1;x
853;31;169;10;Gollowyn_4_3_2;x
854;162;59;70;Reussia_1_4_1;x
855;193;180;33;Reussia_1_4_2;x
856;206;183;153;Reussia_4_1_1;x
857;206;87;231;river_8;x
858;161;216;164;Reussia_6_3_3;x
859;15;213;172;Reussia_1_1_1;x
860;227;228;255;Reussia_1_1_3;x
861;143;131;215;Reussia_1_2_1;x
862;198;80;55;Reussia_1_1_2;x
863;210;158;21;Reussia_1_3_4;x
864;44;150;166;Reussia_1_3_3;x
865;15;7;186;Reussia_1_3_1;x
866;73;155;101;Reussia_1_3_2;x
867;250;150;105;Reussia_1_2_3;x
868;11;92;237;Reussia_1_2_2;x
869;230;191;58;Reussia_3_3_4;x
870;233;237;81;Reussia_6_2_4;x
871;16;214;121;Reussia_6_2_1;x
872;242;27;117;Reussia_4_3_4;x
873;250;248;21;Reussia_4_3_2;x
874;255;94;234;Reussia_6_3_2;x
875;29;17;166;Reussia_3_3_2;x
876;86;186;144;Reussia_5_4_1;x
877;136;0;87;Reussia_4_1_2;x
878;88;72;148;Reussia_3_1_2;x
879;131;238;112;Reussia_3_1_1;x
880;240;250;141;Reussia_2_2_4;x
881;107;82;165;Reussia_2_2_1;x
882;47;149;180;Reussia_3_1_3;x
883;184;22;181;Reussia_4_1_3;x
884;74;162;206;Reussia_4_2_1;x
885;198;76;66;Reussia_4_2_2;x
886;144;79;200;Epine_4_4_1;x
887;20;160;10;Reussia_4_4_3;x
888;162;236;209;Reussia_6_1_1;x
889;126;3;127;Reussia_6_3_1;x
890;83;110;194;Reussia_6_1_3;x
891;37;66;69;Reussia_6_2_3;x
892;236;4;231;Reussia_3_2_3;x
893;166;244;1;Reussia_3_3_1;x
894;235;63;235;Reussia_6_1_2;x
895;185;85;110;Reussia_3_3_3;x
896;131;251;37;Reussia_4_3_1;x
897;192;253;4;Reussia_4_3_3;x
898;124;48;82;Reussia_4_4_4;x
899;225;94;93;Reussia_4_4_1;x
900;22;29;44;Reussia_4_4_2;x
901;248;231;228;Reussia_4_2_3;x
902;230;119;187;Reussia_3_2_2;x
903;104;237;194;Reussia_3_2_1;x
904;23;179;191;Reussia_2_2_3;x
905;105;213;252;Reussia_2_2_2;x
906;66;83;203;Reussia_2_3_3;x
907;87;51;9;Reussia_2_3_2;x
908;81;166;5;Reussia_2_3_1;x
909;162;109;249;Reussia_5_3_4;x
910;57;249;145;Reussia_5_3_3;x
911;7;200;137;Reussia_5_5_4;x
912;137;209;7;Reussia_5_5_3;x
913;101;195;211;Reussia_5_1_4;x
914;170;255;152;Reussia_6_2_2;x
915;193;190;19;Reussia_5_4_3;x
916;174;1;36;Reussia_5_4_4;x
917;139;145;3;Reussia_5_4_2;x
918;29;25;84;Reussia_5_5_2;x
919;135;224;170;Reussia_5_5_1;x
920;165;145;116;Reussia_2_3_4;x
921;247;103;228;Reussia_2_4_1;x
922;22;8;169;Reussia_2_4_4;x
923;225;26;88;Reussia_3_2_4;x
924;159;54;35;Reussia_2_4_2;x
925;176;162;29;Reussia_2_4_3;x
926;165;163;63;Reussia_5_2_3;x
927;197;30;12;Reussia_5_1_3;x
928;4;132;179;Reussia_5_1_1;x
929;252;136;10;Reussia_5_2_1;x
930;25;83;135;Reussia_5_1_2;x
931;215;22;135;Reussia_2_5_2;x
932;72;233;116;Reussia_2_5_1;x
933;190;141;117;Reussia_2_5_3;x
934;33;247;2;Reussia_2_5_4;x
935;124;215;250;Reussia_5_2_2;x
936;136;184;17;Reussia_5_3_1;x
937;87;107;148;Reussia_5_3_2;x
938;37;3;144;Sud_3_3_1;x
939;117;81;151;Sud_3_2_1;x
940;220;46;75;Sud_3_1_2;x
941;89;100;163;Sud_3_5_3;x
942;95;61;158;Sud_3_5_2;x
943;209;158;204;Sud_3_5_1;x
944;32;201;50;Sud_2_4_4;x
945;30;11;106;Sud_3_1_1;x
946;72;192;91;Sud_3_4_2;x
947;206;97;225;Sud_3_2_2;x
948;128;139;118;Sud_2_4_1;x
949;205;1;71;Sud_1_3_3;x
950;145;108;32;Sud_1_3_4;x
951;206;90;32;Sud_1_4_1;x
952;218;109;105;Sud_2_4_3;x
953;57;95;198;Sud_2_4_2;x
954;39;219;213;Sud_2_3_2;x
955;83;89;57;Sud_2_3_3;x
956;69;232;91;Sud_2_3_1;x
957;98;220;130;Sud_1_2_4;x
958;104;130;159;Sud_1_2_3;x
959;154;94;232;Sud_1_3_2;x
960;67;195;80;Sud_1_3_1;x
961;179;130;45;Sud_1_2_2;x
962;184;13;43;Sud_1_2_1;x
963;217;194;43;Sud_1_1_4;x
964;16;207;109;Sud_1_1_3;x
965;214;144;188;Sud_2_2_3;x
966;92;109;48;Sud_2_1_4;x
967;82;145;165;Sud_1_1_2;x
968;184;29;44;Sud_2_1_2;x
969;99;142;9;Sud_1_1_1;x
970;32;80;243;Sud_2_1_1;x
971;23;109;143;Sud_2_2_1;x
972;162;140;165;Sud_2_2_2;x
973;160;92;88;Sud_2_1_3;x
974;38;39;112;Sud_6_2_1;x
975;213;172;184;Sud_6_1_1;x
976;189;248;37;Sud_6_1_2;x
977;24;204;224;Sud_6_1_3;x
978;15;149;19;Sud_6_2_4;x
979;18;167;225;Sud_6_2_3;x
980;184;156;40;Sud_6_2_2;x
981;78;7;68;Sud_4_2_2;x
982;61;245;163;Sud_5_2_3;x
983;151;46;70;Sud_5_2_2;x
984;14;104;241;Sud_5_3_3;x
985;166;85;138;Sud_5_3_1;x
986;182;20;22;Sud_5_3_2;x
987;27;63;159;Sud_5_2_1;x
988;120;7;85;Sud_4_4_3;x
989;85;136;171;Sud_4_4_4;x
990;113;173;87;Sud_4_4_1;x
991;31;230;85;Sud_4_3_3;x
992;41;239;127;Sud_4_4_2;x
993;186;186;163;Sud_4_3_4;x
994;159;132;84;Sud_4_2_4;x
995;0;233;88;Sud_4_2_3;x
996;104;206;118;Sud_4_3_2;x
997;148;84;1;Sud_4_1_3;x
998;81;208;135;Sud_4_1_1;x
999;101;235;23;Sud_1_4_2;x
1000;66;116;84;Sud_1_4_3;x
1001;138;216;10;Sud_4_2_1;x
1002;177;2;25;Sud_1_4_4;x
1003;106;91;179;Sud_5_1_4;x
1004;184;97;181;Sud_5_1_3;x
1005;55;164;169;Sud_5_1_1;x
1006;32;149;255;Sud_5_1_2;x
1007;25;61;60;Sud_4_1_4;x
1008;102;147;46;Sud_4_3_1;x
1009;36;0;43;Sud_4_1_2;x
1010;81;136;87;Reussia_6_3_4;x
1011;200;189;178;Epine_2_3_2;x
1012;14;179;253;Epine_2_3_1;x
1013;175;200;17;Epine_2_2_3;x
1014;14;132;200;Epine_2_2_2;x
1015;38;15;252;Epine_2_2_1;x
1016;155;117;68;Epine_2_1_2;x
1017;180;22;187;Epine_1_4_2;x
1018;218;72;165;Epine_1_2_2;x
1019;132;49;50;Epine_1_2_3;x
1020;189;221;40;Epine_2_1_3;x
1021;94;70;181;Epine_2_1_1;x
1022;110;27;233;Epine_1_2_1;x
1023;28;129;132;Epine_1_1_1;x
1024;88;29;87;Epine_1_1_3;x
1025;135;37;212;Epine_1_1_2;x
1026;9;110;99;Epine_1_4_1;x
1027;221;212;78;Epine_1_4_3;x
1028;117;197;123;Epine_3_1_1;x
1029;115;235;61;Epine_1_3_1;x
1030;21;68;73;Epine_1_3_3;x
1031;194;225;45;Epine_1_3_2;x
1032;145;180;0;Epine_3_1_2;x
1033;147;103;152;Epine_3_1_4;x
1034;182;196;137;Epine_3_1_3;x
1035;226;203;82;Epine_3_3_1;x
1036;120;234;184;Gollowyn_6_4_2;x
1037;187;203;19;Epine_3_2_2;x
1038;23;19;230;Epine_3_2_1;x
1039;84;251;133;Epine_3_2_3;x
1040;188;130;232;Epine_3_3_2;x
1041;61;99;232;Epine_3_3_4;x
1042;79;203;94;Epine_3_3_3;x
1043;158;231;15;Epine_4_1_1;x
1044;122;28;198;Epine_4_1_2;x
1045;3;106;76;Epine_4_2_1;x
1046;228;42;171;Epine_4_2_2;x
1047;238;13;200;Epine_4_1_3;x
1048;170;119;147;Epine_4_2_3;x
1049;7;60;120;Epine_4_3_1;x
1050;140;243;156;Epine_4_1_4;x
1051;132;108;167;Epine_4_3_3;x
1052;233;82;184;Epine_4_3_2;x
1053;227;186;173;Epine_4_3_4;x
1054;46;193;34;Epine_4_4_2;x
1055;137;128;167;Epine_4_4_3;x
1056;224;55;155;Epine_5_3_2;x
1057;149;173;243;Epine_5_2_3;x
1058;168;99;100;Epine_5_3_3;x
1059;101;3;6;Epine_5_2_1;x
1060;197;148;131;Epine_5_2_2;x
1061;19;139;98;Epine_5_3_1;x
1062;245;176;2;Epine_5_1_3;x
1063;129;190;95;Epine_5_1_1;x
1064;51;218;40;Epine_5_1_2;x
1065;116;204;25;Torquia_6_2_4;x
1066;143;236;229;Torquia_6_2_3;x
1067;149;174;16;Torquia_2_1_3;x
1068;194;242;117;Torquia_2_1_2;x
1069;77;93;219;Torquia_2_1_1;x
1070;198;240;83;Torquia_4_1_2;x
1071;51;86;42;Torquia_4_1_1;x
1072;177;244;161;Torquia_4_1_4;x
1073;15;22;226;Torquia_4_1_3;x
1074;44;199;255;Torquia_4_2_1;x
1075;89;61;9;Torquia_4_2_2;x
1076;213;105;75;Torquia_4_4_3;x
1077;245;240;53;Torquia_4_3_1;x
1078;63;246;154;Torquia_4_3_2;x
1079;121;118;231;Torquia_4_3_3;x
1080;191;11;224;Torquia_4_2_3;x
1081;23;199;126;Torquia_4_4_1;x
1082;253;23;19;Torquia_4_4_2;x
1083;23;153;43;Torquia_4_2_4;x
1084;20;225;182;Torquia_6_1_4;x
1085;20;87;217;Torquia_6_2_1;x
1086;110;111;206;Torquia_6_2_2;x
1087;102;32;45;Torquia_2_3_2;x
1088;14;207;114;Torquia_2_2_1;x
1089;40;245;171;Torquia_2_3_1;x
1090;186;25;29;Torquia_2_3_3;x
1091;192;24;222;Torquia_2_2_2;x
1092;120;50;169;Torquia_2_2_3;x
1093;76;56;112;Torquia_2_2_4;x
1094;236;210;164;Torquia_6_1_2;x
1095;203;159;29;Torquia_6_1_3;x
1096;92;156;124;Torquia_6_1_1;x
1097;246;186;95;Torquia_6_3_4;x
1098;130;107;122;Torquia_1_2_3;x
1099;75;157;192;Torquia_6_3_3;x
1100;153;181;242;Torquia_6_3_2;x
1101;95;62;225;Torquia_6_3_1;x
1102;69;152;89;Torquia_1_2_2;x
1103;194;59;255;Torquia_1_2_1;x
1104;13;243;18;Torquia_1_1_2;x
1105;174;13;46;Torquia_1_1_1;x
1106;73;82;38;Torquia_1_1_3;x
1107;93;189;204;Torquia_1_1_4;x
1108;167;68;20;Torquia_1_3_3;x
1109;189;101;54;Torquia_1_3_1;x
1110;69;208;184;Torquia_1_3_2;x
1111;237;129;90;Torquia_1_3_4;x
1112;41;87;80;Torquia_3_1_2;x
1113;252;24;178;Torquia_3_1_1;x
1114;64;45;33;Torquia_3_2_1;x
1115;140;241;115;Torquia_3_2_3;x
1116;173;30;34;Torquia_3_2_2;x
1117;106;48;40;Torquia_3_1_4;x
1118;212;72;109;Torquia_3_1_3;x
1119;205;190;85;Torquia_3_3_1;x
1120;245;132;87;Torquia_3_3_4;x
1121;52;62;179;Torquia_3_3_3;x
1122;136;112;170;Torquia_3_3_2;x
1123;12;242;18;Dejois_3_3_3;x
1124;33;63;235;Dejois_3_4_1;x
1125;243;203;19;Dejois_3_2_3;x
1126;194;69;142;Dejois_3_3_1;x
1127;60;21;238;Dejois_3_2_1;x
1128;222;73;106;Dejois_1_3_2;x
1129;182;190;8;Dejois_1_3_3;x
1130;180;12;88;Dejois_1_4_2;x
1131;170;17;49;Dejois_3_4_4;x
1132;19;234;132;Dejois_1_3_1;x
1133;101;69;174;Dejois_4_2_4;x
1134;203;34;133;Dejois_1_4_3;x
1135;13;108;151;Dejois_3_2_2;x
1136;71;251;185;Dejois_3_4_2;x
1137;131;3;3;river_4;x
1138;230;126;4;Dejois_3_2_4;x
1139;9;98;61;Dejois_3_4_3;x
1140;36;30;183;Dejois_4_5_2;x
1141;105;213;141;Dejois_4_3_4;x
1142;181;107;61;Dejois_4_3_2;x
1143;126;88;41;Dejois_3_1_1;x
1144;115;151;96;Dejois_1_4_1;x
1145;225;13;62;Dejois_1_1_3;x
1146;40;201;137;Dejois_1_1_4;x
1147;5;2;198;Dejois_1_1_2;x
1148;99;83;51;Dejois_1_1_1;x
1149;46;229;197;Dejois_1_2_4;x
1150;40;120;210;Dejois_1_2_1;x
1151;122;97;20;Dejois_1_2_3;x
1152;200;219;34;Dejois_1_2_2;x
1153;76;209;108;Dejois_2_1_1;x
1154;136;144;76;Dejois_2_1_3;x
1155;79;57;102;Dejois_2_1_2;x
1156;106;219;56;Dejois_2_2_2;x
1157;206;249;235;Dejois_2_2_1;x
1158;102;132;202;Dejois_4_1_1;x
1159;149;148;136;Dejois_2_3_4;x
1160;90;30;237;Dejois_2_2_4;x
1161;167;84;106;Dejois_2_2_3;x
1162;148;203;205;Dejois_2_3_1;x
1163;199;125;185;Dejois_2_3_3;x
1164;220;14;38;Dejois_2_3_2;x
1165;139;159;164;Dejois_2_4_1;x
1166;69;117;183;Dejois_4_1_4;x
1167;73;246;190;Dejois_4_1_3;x
1168;67;48;23;Dejois_4_1_2;x
1169;15;237;154;Dejois_2_4_2;x
1170;16;118;121;Dejois_2_4_3;x
1171;176;185;166;Dejois_4_4_1;x
1172;68;124;24;Dejois_4_4_3;x
1173;202;141;165;Dejois_4_4_2;x
1174;224;144;41;Dejois_3_1_2;x
1175;160;172;103;Dejois_3_1_3;x
1176;49;80;165;Dejois_4_2_1;x
1177;27;164;13;Dejois_4_2_3;x
1178;67;22;249;Dejois_4_2_2;x
1179;22;248;50;Dejois_4_3_1;x
1180;169;170;198;Dejois_4_3_3;x
1181;204;22;25;Sud_5_4_4;x
1182;68;240;200;Sud_5_4_1;x
1183;74;232;184;Dejois_4_5_1;x
1184;187;122;48;Sud_5_4_3;x
1185;168;65;133;Dejois_5_1_4;x
1186;84;217;153;Dejois_5_1_2;x
1187;31;119;138;Dejois_4_4_4;x
1188;206;169;230;Dejois_5_1_1;x
1189;238;28;211;Dejois_5_1_3;x
1190;253;69;248;Sud_5_4_2;x
1191;111;108;158;Dejois_5_2_3;x
1192;225;181;166;Dejois_4_5_3;x
1193;63;144;240;Dejois_5_2_4;x
1194;49;30;239;Dejois_5_2_1;x
1195;121;58;45;Dejois_5_2_2;x
1196;69;253;246;Dejois_5_5_3;x
1197;74;198;195;Dejois_5_4_2;x
1198;90;218;120;Dejois_5_4_1;x
1199;112;19;95;Dejois_5_5_1;x
1200;186;118;203;Dejois_5_4_3;x
1201;44;28;254;Dejois_5_5_2;x
1202;185;188;37;Dejois_5_3_5;x
1203;206;62;158;Dejois_5_3_4;x
1204;116;44;229;Dejois_5_3_3;x
1205;93;151;201;Dejois_5_3_1;x
1206;65;48;189;Dejois_5_3_2;x
1207;147;11;137;Torquia_7_2_2;x
1208;241;140;132;Torquia_7_2_3;x
1209;93;180;39;Torquia_7_3_1;x
1210;93;131;17;Torquia_7_1_3;x
1211;212;111;89;Torquia_7_2_4;x
1212;24;61;103;Torquia_8_1_1;x
1213;163;244;118;Torquia_8_4_1;x
1214;73;136;247;Torquia_7_3_3;x
1215;13;212;199;Torquia_8_4_2;x
1216;202;164;5;Torquia_7_3_2;x
1217;152;15;239;Torquia_8_3_3;x
1218;19;22;76;Torquia_8_2_4;x
1219;71;105;95;Torquia_8_3_2;x
1220;223;244;223;Torquia_8_2_2;x
1221;88;204;87;Torquia_8_2_1;x
1222;109;169;52;Torquia_8_3_1;x
1223;186;213;139;Torquia_8_2_3;x
1224;39;228;30;Torquia_8_1_3;x
1225;104;224;31;Torquia_5_1_1;x
1226;90;146;185;Torquia_8_1_4;x
1227;252;216;149;Torquia_7_2_1;x
1228;181;221;214;Torquia_7_1_1;x
1229;26;100;2;Torquia_7_1_2;x
1230;224;91;250;Torquia_5_1_2;x
1231;86;234;158;Torquia_5_1_3;x
1232;147;231;30;Torquia_5_3_2;x
1233;1;31;239;Torquia_5_3_4;x
1234;144;52;179;Torquia_5_2_1;x
1235;235;233;9;Torquia_5_2_3;x
1236;243;86;24;Torquia_5_2_2;x
1237;169;85;133;Torquia_5_3_1;x
1238;54;47;211;Torquia_5_2_4;x
1239;0;129;109;Torquia_5_3_3;x
1240;252;138;183;Torquia_8_1_2;x
1241;151;43;58;Doria_Litorale_1_1_1;x
1242;165;51;101;Doria_Litorale_2_1_2;x
1243;238;72;75;Doria_Litorale_2_2_1;x
1244;240;20;237;Doria_Litorale_2_1_1;x
1245;81;0;55;Doria_Litorale_2_2_3;x
1246;46;238;152;Doria_Litorale_2_1_4;x
1247;170;73;35;Doria_Litorale_2_2_2;x
1248;188;67;65;Doria_Litorale_2_1_3;x
1249;139;141;176;Doria_Litorale_5_5_1;x
1250;232;216;15;Doria_Litorale_5_5_2;x
1251;252;137;17;Doria_Litorale_5_5_4;x
1252;224;129;108;Doria_Litorale_5_1_1;x
1253;124;71;146;Doria_Litorale_2_3_2;x
1254;238;165;26;Doria_Litorale_2_3_4;x
1255;105;240;233;Doria_Litorale_2_3_1;x
1256;160;119;230;Doria_Litorale_5_5_3;x
1257;222;134;51;Doria_Litorale_5_3_4;x
1258;241;135;35;Doria_Litorale_8_2_1;x
1259;51;168;126;Doria_Litorale_8_2_3;x
1260;148;44;113;Doria_Litorale_5_4_3;x
1261;46;38;61;Doria_Litorale_5_4_1;x
1262;130;100;85;Doria_Litorale_5_4_2;x
1263;41;44;168;Doria_Litorale_8_4_3;x
1264;212;186;74;Doria_Litorale_8_4_1;x
1265;5;80;52;Doria_Litorale_5_1_2;x
1266;250;71;19;Doria_Litorale_8_4_2;x
1267;218;129;19;Doria_Litorale_8_2_2;x
1268;190;109;27;Doria_Litorale_5_3_3;x
1269;117;24;182;Doria_Litorale_8_1_2;x
1270;113;173;228;Doria_Litorale_4_4_1;x
1271;149;155;197;Doria_Litorale_4_4_4;x
1272;156;116;66;Doria_Litorale_4_4_2;x
1273;16;203;107;Doria_Litorale_4_4_3;x
1274;152;159;40;Doria_Litorale_5_1_4;x
1275;62;233;96;Doria_Litorale_5_1_3;x
1276;230;91;42;Doria_Litorale_5_3_2;x
1277;202;8;42;Doria_Litorale_5_2_4;x
1278;166;82;206;Doria_Litorale_5_2_1;x
1279;103;118;51;Doria_Litorale_5_2_2;x
1280;249;155;93;Doria_Litorale_5_3_1;x
1281;56;11;14;Doria_Litorale_5_2_3;x
1282;109;238;61;Doria_Litorale_4_2_2;x
1283;200;185;39;Doria_Litorale_4_2_1;x
1284;142;29;9;Doria_Litorale_4_1_2;x
1285;231;4;145;Doria_Litorale_4_1_4;x
1286;135;209;93;Doria_Litorale_4_2_3;x
1287;121;13;46;Doria_Litorale_4_3_2;x
1288;187;245;160;Doria_Litorale_4_3_3;x
1289;24;101;82;Doria_Litorale_4_3_4;x
1290;26;131;111;Doria_Litorale_8_1_1;x
1291;234;205;113;Doria_Litorale_8_1_3;x
1292;237;22;119;Doria_Litorale_8_1_4;x
1293;62;60;142;Doria_Litorale_8_3_1;x
1294;209;155;243;Doria_Litorale_8_3_2;x
1295;233;34;233;Doria_Litorale_8_3_3;x
1296;15;242;202;Doria_Litorale_6_4_3;x
1297;179;194;104;Doria_Litorale_4_1_1;x
1298;71;105;133;Doria_Litorale_1_2_3;x
1299;112;217;25;Doria_Litorale_1_1_4;x
1300;144;190;0;Doria_Litorale_1_1_2;x
1301;173;183;83;Doria_Litorale_1_2_2;x
1302;25;83;194;Doria_Litorale_1_1_3;x
1303;181;214;176;Doria_Litorale_1_2_1;x
1304;63;238;67;Doria_Litorale_1_2_4;x
1305;100;55;153;Doria_Litorale_4_3_1;x
1306;59;56;110;Doria_Litorale_4_1_3;x
1307;104;5;122;river_5;x
1308;76;0;207;Doria_Litorale_1_3_2;x
1309;242;93;54;Doria_Litorale_1_3_1;x
1310;212;20;51;Doria_Litorale_1_4_1;x
1311;146;156;37;Doria_Litorale_1_3_3;x
1312;203;167;91;Doria_Litorale_1_3_4;x
1313;36;136;159;Doria_Litorale_1_4_2;x
1314;132;119;101;Doria_Litorale_1_4_3;x
1315;231;87;132;Doria_Litorale_6_4_1;x
1316;54;184;19;Doria_Litorale_6_4_2;x
1317;79;3;150;Doria_Litorale_6_2_2;x
1318;98;207;217;Doria_Litorale_1_4_4;x
1319;84;54;247;Doria_Litorale_6_2_1;x
1320;173;3;255;Doria_Litorale_6_2_3;x
1321;226;223;196;Doria_Litorale_6_1_1;x
1322;192;83;158;Doria_Litorale_6_1_2;x
1323;93;160;137;Doria_Litorale_6_3_3;x
1324;111;23;38;Doria_Litorale_6_3_1;x
1325;154;249;16;Doria_Litorale_6_1_3;x
1326;27;99;23;Doria_Litorale_6_1_4;x
1327;165;105;164;Doria_Litorale_2_4_2;x
1328;175;33;133;Doria_Litorale_6_3_4;x
1329;51;181;70;Doria_Litorale_6_3_2;x
1330;15;40;100;Doria_Litorale_7_3_2;x
1331;180;9;59;Doria_Litorale_7_3_4;x
1332;140;118;217;Doria_Litorale_7_3_3;x
1333;68;183;135;Doria_Litorale_7_3_1;x
1334;167;150;12;Doria_Litorale_7_1_4;x
1335;215;33;224;Doria_Litorale_7_4_1;x
1336;88;101;186;Doria_Litorale_7_4_3;x
1337;46;239;98;Doria_Litorale_7_4_4;x
1338;103;156;43;Doria_Litorale_7_2_4;x
1339;0;9;191;Doria_Litorale_7_2_3;x
1340;240;69;125;Doria_Litorale_7_4_2;x
1341;87;139;228;Doria_Litorale_7_2_1;x
1342;173;27;94;Doria_Litorale_7_1_3;x
1343;210;115;105;Doria_Litorale_7_2_2;x
1344;18;11;139;Doria_Litorale_3_1_3;x
1345;122;222;56;Doria_Litorale_3_1_2;x
1346;132;201;146;Doria_Litorale_3_1_1;x
1347;39;121;55;Doria_Litorale_3_2_1;x
1348;214;54;164;Doria_Litorale_3_2_3;x
1349;201;16;195;Doria_Litorale_2_4_4;x
1350;53;146;96;Doria_Litorale_2_4_1;x
1351;7;108;100;Doria_Litorale_2_4_3;x
1352;105;24;240;Doria_Litorale_3_2_4;x
1353;150;202;217;Doria_Litorale_3_2_2;x
1354;70;20;8;Doria_Litorale_3_3_1;x
1355;204;175;196;Doria_Litorale_3_3_2;x
1356;147;149;236;Doria_Litorale_2_3_3;x
1357;204;233;190;Doria_Litorale_3_3_3;x
1358;61;163;84;Doria_Litorale_7_1_1;x
1359;178;133;208;Doria_Litorale_7_1_2;x
1360;173;131;164;Doria_Litorale_3_3_4;x
1361;246;105;234;wasteland_2;x
1362;71;196;58;wasteland_23;x
1363;27;248;90;wasteland_18;x
1364;173;196;229;wasteland_19;x
1365;51;115;187;wasteland_25;x
1366;206;157;63;wasteland_27;x
1367;231;78;37;wasteland_29;x
1368;70;108;187;wasteland_20;x
1369;172;252;121;wasteland_16;x
1370;133;235;248;wasteland_12;x
1371;145;240;39;wasteland_10;x
1372;176;205;214;wasteland_9;x
1373;5;39;24;Torquia_8_4_3;x
1374;239;95;78;Torquia_8_4_4;x
1375;151;4;103;Dabigsia_2_4_1;x
1376;27;172;101;Doria_Norde_9_3_1;x
1377;51;88;144;Doria_Norde_6_3_2;x
1378;155;46;8;Doria_Norde_6_3_4;x
1379;193;25;104;Doria_Norde_9_1_1;x
1380;47;38;13;Doria_Norde_9_1_3;x
1381;40;65;233;Doria_Norde_1_3_1;x
1382;90;218;26;Doria_Norde_1_3_3;x
1383;163;7;87;Doria_Norde_1_3_4;x
1384;33;21;208;Doria_Norde_1_4_1;x
1385;121;112;28;Doria_Norde_1_3_2;x
1386;156;48;255;Doria_Norde_1_1_3;x
1387;120;36;105;Doria_Norde_1_1_2;x
1388;224;56;102;Doria_Norde_1_1_1;x
1389;231;188;36;Doria_Norde_1_2_1;x
1390;204;72;60;Doria_Norde_1_2_3;x
1391;161;184;150;Doria_Norde_1_2_2;x
1392;160;104;72;Doria_Norde_1_4_2;x
1393;180;181;199;Doria_Norde_1_4_4;x
1394;205;159;253;Doria_Norde_1_4_3;x
1395;199;96;213;Doria_Norde_9_3_3;x
1396;143;70;175;Doria_Norde_10_1_2;x
1397;147;149;240;Doria_Norde_10_3_4;x
1398;231;53;54;Doria_Norde_9_3_4;x
1399;58;219;108;Doria_Norde_10_2_1;x
1400;146;1;236;Doria_Norde_10_1_4;x
1401;98;152;34;Doria_Norde_10_2_3;x
1402;104;190;50;Doria_Norde_10_3_1;x
1403;3;67;203;Doria_Norde_10_2_2;x
1404;34;75;252;Doria_Norde_10_2_4;x
1405;143;51;210;Doria_Norde_10_3_2;x
1406;164;31;213;Doria_Norde_3_2_1;x
1407;37;88;45;Doria_Norde_10_3_3;x
1408;210;23;198;Doria_Norde_11_3_4;x
1409;98;167;121;Doria_Norde_9_1_4;x
1410;23;26;197;Doria_Norde_9_3_2;x
1411;222;128;203;Doria_Norde_9_2_4;x
1412;144;116;139;Doria_Norde_11_3_2;x
1413;232;125;49;Doria_Norde_11_3_3;x
1414;80;179;49;Doria_Norde_3_2_2;x
1415;242;123;69;Doria_Norde_3_2_3;x
1416;141;224;52;Doria_Norde_3_2_4;x
1417;189;168;21;Doria_Norde_5_2_1;x
1418;179;207;119;Doria_Norde_5_2_2;x
1419;95;217;121;Doria_Norde_5_2_4;x
1420;29;0;33;Doria_Norde_7_1_1;x
1421;231;10;85;Doria_Norde_7_1_2;x
1422;246;65;117;Doria_Norde_4_3_3;x
1423;220;135;90;Doria_Norde_7_1_4;x
1424;64;118;14;Doria_Norde_8_2_1;x
1425;37;207;17;Doria_Norde_7_1_5;x
1426;183;120;63;Doria_Norde_7_1_3;x
1427;142;49;243;Doria_Norde_8_2_2;x
1428;174;66;225;Doria_Norde_8_2_3;x
1429;249;136;221;Doria_Norde_7_2_2;x
1430;228;208;10;Doria_Norde_4_3_4;x
1431;180;106;204;Doria_Norde_5_2_3;x
1432;62;159;59;Doria_Norde_11_2_4;x
1433;43;219;147;Doria_Norde_11_2_3;x
1434;170;81;131;Doria_Norde_11_1_4;x
1435;247;106;11;Doria_Norde_11_1_2;x
1436;127;205;176;Doria_Norde_11_1_1;x
1437;106;199;47;Doria_Norde_8_2_4;x
1438;118;239;116;Doria_Norde_7_3_1;x
1439;149;195;56;Doria_Norde_7_4_1;x
1440;32;63;105;Doria_Norde_10_1_1;x
1441;55;148;233;Doria_Norde_11_1_3;x
1442;27;41;173;Doria_Norde_7_3_3;x
1443;237;180;59;Doria_Norde_7_3_2;x
1444;20;229;30;Doria_Norde_11_2_1;x
1445;176;199;1;Doria_Norde_11_2_2;x
1446;150;159;137;Doria_Norde_11_3_1;x
1447;12;236;84;Doria_Norde_7_4_3;x
1448;232;20;5;Doria_Norde_10_1_3;x
1449;230;70;179;Doria_Norde_7_4_2;x
1450;72;47;214;Doria_Norde_7_2_4;x
1451;124;96;132;Doria_Norde_9_2_2;x
1452;243;192;126;Doria_Norde_9_2_3;x
1453;173;137;104;Doria_Norde_7_2_3;x
1454;96;72;255;Doria_Norde_7_2_1;x
1455;229;97;161;Doria_Norde_3_1_2;x
1456;5;71;112;Doria_Norde_3_1_1;x
1457;60;57;129;Doria_Norde_9_1_2;x
1458;117;122;133;Doria_Norde_9_2_1;x
1459;13;5;114;Doria_Norde_3_1_3;x
1460;74;2;130;Doria_Norde_3_4_1;x
1461;186;45;152;Doria_Norde_3_4_3;x
1462;93;83;61;Doria_Norde_3_4_2;x
1463;81;100;40;Doria_Norde_3_3_1;x
1464;5;238;138;Doria_Norde_3_3_3;x
1465;189;48;113;Doria_Norde_3_3_2;x
1466;193;150;177;Doria_Norde_4_3_1;x
1467;107;200;183;Doria_Norde_3_3_4;x
1468;109;137;99;Doria_Norde_4_1_1;x
1469;121;208;80;Doria_Norde_4_2_1;x
1470;171;111;167;Doria_Norde_4_1_2;x
1471;210;205;164;Doria_Norde_4_3_2;x
1472;86;242;245;Doria_Norde_4_2_3;x
1473;139;83;129;Doria_Norde_4_4_2;x
1474;189;67;123;Doria_Norde_4_4_3;x
1475;38;144;43;Doria_Norde_4_4_1;x
1476;168;87;135;Doria_Norde_4_1_3;x
1477;229;175;129;Doria_Norde_4_1_4;x
1478;97;26;86;Doria_Norde_4_4_4;x
1479;161;199;15;Doria_Norde_4_2_2;x
1480;39;159;128;Doria_Norde_6_1_4;x
1481;184;215;61;Doria_Norde_6_1_2;x
1482;152;154;62;Doria_Norde_6_3_1;x
1483;230;141;252;Doria_Norde_6_1_1;x
1484;66;30;19;Doria_Norde_4_2_4;x
1485;227;217;24;Doria_Norde_6_2_2;x
1486;6;124;189;Doria_Norde_6_2_1;x
1487;22;171;120;Doria_Norde_6_2_3;x
1488;193;36;122;Doria_Norde_6_1_3;x
1489;12;197;133;Doria_Norde_6_3_3;x
1490;102;103;19;Doria_Norde_6_4_1;x
1491;223;39;59;Doria_Norde_6_4_2;x
1492;63;169;36;Doria_Norde_6_4_4;x
1493;253;118;41;Doria_Norde_6_4_3;x
1494;191;223;150;Doria_Norde_2_1_4;x
1495;126;83;164;Doria_Norde_2_1_2;x
1496;23;191;253;Doria_Norde_2_1_1;x
1497;110;72;71;Doria_Norde_2_3_1;x
1498;97;114;149;Doria_Norde_2_1_3;x
1499;86;65;239;Doria_Norde_2_2_1;x
1500;104;216;246;Doria_Norde_2_3_3;x
1501;25;86;216;Doria_Norde_2_2_2;x
1502;24;182;140;Doria_Norde_2_2_4;x
1503;66;69;188;Doria_Norde_2_2_3;x
1504;35;98;249;Doria_Norde_2_3_4;x
1505;19;13;155;Doria_Norde_2_4_1;x
1506;250;158;163;Doria_Norde_2_3_2;x
1507;10;184;99;Doria_Norde_2_4_2;x
1508;212;190;224;Dabigsia_3_1_1;x
1509;224;150;26;Dabigsia_3_1_2;x
1510;239;48;2;Dabigsia_3_1_3;x
1511;247;166;20;Dabigsia_3_1_4;x
1512;94;239;234;Doria_Norde_5_4_1;x
1513;254;197;35;Doria_Norde_5_4_3;x
1514;241;76;57;Doria_Norde_8_1_2;x
1515;130;242;224;Doria_Norde_8_1_4;x
1516;77;112;37;Doria_Norde_8_4_4;x
1517;39;41;109;Doria_Norde_8_4_1;x
1518;161;248;78;Doria_Norde_8_3_2;x
1519;254;20;107;Doria_Norde_8_4_3;x
1520;168;247;136;Doria_Norde_8_4_2;x
1521;114;156;194;Doria_Norde_8_3_3;x
1522;73;245;52;Doria_Norde_2_4_3;x
1523;76;124;136;Doria_Norde_2_4_4;x
1524;161;181;204;Doria_Norde_5_1_1;x
1525;133;15;19;Doria_Norde_5_1_3;x
1526;246;224;118;Doria_Norde_5_1_4;x
1527;169;100;118;Doria_Norde_5_1_2;x
1528;124;50;250;Doria_Norde_5_3_2;x
1529;193;141;62;Doria_Norde_5_3_1;x
1530;22;93;106;Doria_Norde_5_3_3;x
1531;25;8;255;Doria_Norde_5_3_4;x
1532;201;22;26;Doria_Norde_8_3_1;x
1533;60;120;148;Doria_Norde_8_1_3;x
1534;78;29;33;Doria_Norde_8_1_1;x
1535;228;191;169;Doria_Norde_5_4_2;x
1536;17;155;87;Dabigsia_2_4_3;x
1537;78;239;33;Dabigsia_3_2_1;x
1538;226;131;48;Dabigsia_2_4_2;x
1539;179;252;221;Dabigsia_2_3_2;x
1540;62;48;136;Dabigsia_2_3_1;x
1541;46;40;184;Dabigsia_2_3_3;x
1542;15;109;164;Dabigsia_2_2_3;x
1543;255;105;225;Dabigsia_1_1_2;x
1544;103;222;72;Dabigsia_4_2_1;x
1545;234;160;16;Dabigsia_1_1_1;x
1546;41;180;254;Dabigsia_3_2_2;x
1547;243;201;18;Dabigsia_4_2_2;x
1548;24;111;202;Dabigsia_3_2_3;x
1549;65;32;35;Dabigsia_1_1_3;x
1550;172;171;192;Dabigsia_1_2_1;x
1551;173;44;240;Dabigsia_1_2_2;x
1552;21;70;84;Dabigsia_1_3_1;x
1553;1;121;199;Dabigsia_1_2_3;x
1554;105;62;12;Dabigsia_1_3_3;x
1555;89;52;56;Dabigsia_2_2_1;x
1556;135;27;81;Dabigsia_2_2_2;x
1557;115;57;89;Dabigsia_2_1_2;x
1558;32;55;93;Dabigsia_2_1_1;x
1559;190;207;140;Dabigsia_2_1_4;x
1560;46;158;114;Dabigsia_2_1_3;x
1561;197;152;39;Dabigsia_1_3_2;x
1562;62;59;190;Dabigsia_3_2_4;x
1563;21;212;216;Dabigsia_3_3_1;x
1564;71;1;128;Dabigsia_3_4_1;x
1565;64;101;185;Dabigsia_1_4_3;x
1566;230;142;69;Dabigsia_1_4_2;x
1567;220;125;150;Dabigsia_1_4_1;x
1568;65;114;7;Dabigsia_4_1_1;x
1569;134;81;232;Dabigsia_4_1_2;x
1570;50;138;18;Dabigsia_1_4_4;x
1571;215;149;195;Dabigsia_4_1_3;x
1572;45;44;65;Dabigsia_4_1_4;x
1573;7;159;255;Dabigsia_3_4_2;x
1574;14;242;8;Dabigsia_3_4_3;x
1575;254;184;15;Dabigsia_4_3_1;x
1576;17;109;66;Dabigsia_4_2_3;x
1577;69;158;164;Dabigsia_5_4_4;x
1578;93;222;159;Dabigsia_6_2_2;x
1579;209;133;206;Dabigsia_4_3_2;x
1580;30;162;190;Dabigsia_4_3_3;x
1581;99;215;32;Dabigsia_4_4_3;x
1582;1;153;59;Dabigsia_4_4_1;x
1583;183;201;229;Dabigsia_5_2_3;x
1584;73;96;72;Dabigsia_5_2_2;x
1585;127;200;142;Dabigsia_5_2_1;x
1586;40;215;219;Dabigsia_5_1_3;x
1587;77;60;45;Dabigsia_5_4_3;x
1588;105;103;211;Dabigsia_5_4_1;x
1589;69;85;35;Dabigsia_5_1_4;x
1590;120;24;12;Dabigsia_5_4_2;x
1591;118;89;104;Dabigsia_3_3_2;x
1592;20;63;159;Dabigsia_3_3_3;x
1593;137;84;114;Dabigsia_4_4_2;x
1594;38;184;42;Dabigsia_5_1_1;x
1595;155;154;63;Dabigsia_5_1_2;x
1596;145;53;117;Dabigsia_5_3_2;x
1597;122;88;121;Dabigsia_5_3_1;x
1598;255;97;88;Dabigsia_5_3_4;x
1599;246;105;239;Dabigsia_5_3_3;x
1600;179;10;241;Dabigsia_6_2_1;x
1601;248;250;132;Dabigsia_6_1_1;x
1602;54;160;40;Dabigsia_6_1_2;x
1603;127;214;242;Dabigsia_7_1_1;x
1604;53;103;120;Dabigsia_6_1_3;x
1605;67;29;223;Dabigsia_6_2_4;x
1606;59;115;21;Dabigsia_6_2_3;x
1607;242;170;243;Dabigsia_7_1_2;x
1608;132;89;232;Dabigsia_7_1_3;x
1609;72;13;161;Dabigsia_7_4_2;x
1610;32;203;80;Dabigsia_7_4_4;x
1611;75;114;81;Dabigsia_7_2_2;x
1612;12;162;166;Dabigsia_7_2_4;x
1613;42;128;44;Dabigsia_7_4_1;x
1614;17;35;122;Dabigsia_7_4_3;x
1615;70;5;239;Dabigsia_6_3_1;x
1616;54;116;136;Dabigsia_6_3_3;x
1617;21;255;39;Dabigsia_6_3_2;x
1618;87;202;143;Dabigsia_7_2_1;x
1619;22;152;178;Dabigsia_7_2_3;x
1620;111;92;34;Dabigsia_7_3_2;x
1621;235;96;87;Dabigsia_7_3_1;x
1622;122;247;72;Dabigsia_7_3_3;x
1623;162;17;98;Dabigsia_7_3_4;x
1624;101;189;243;Senais_Lands_5_2_1;x
1625;240;161;219;Senais_Lands_5_2_2;x
1626;89;46;228;Senais_Lands_5_1_1;x
1627;209;64;225;Senais_Lands_5_3_1;x
1628;122;194;58;Senais_Lands_4_2_1;x
1629;26;236;219;river_6;x
1630;76;184;65;Senais_Lands_4_1_1;x
1631;59;166;195;Senais_Lands_4_1_4;x
1632;218;92;147;Senais_Lands_4_1_2;x
1633;212;151;1;Senais_Lands_4_1_3;x
1634;63;230;3;Senais_Lands_4_2_2;x
1635;37;151;155;Senais_Lands_4_3_1;x
1636;103;8;162;Senais_Lands_4_3_4;x
1637;237;42;75;Senais_Lands_4_3_3;x
1638;84;131;177;Senais_Lands_4_3_2;x
1639;2;55;172;Senais_Lands_1_2_2;x
1640;115;215;196;Senais_Lands_1_2_1;x
1641;196;32;50;Senais_Lands_1_3_1;x
1642;110;0;253;Senais_Lands_1_1_1;x
1643;81;126;107;Senais_Lands_1_1_3;x
1644;173;223;73;Senais_Lands_1_1_2;x
1645;209;5;34;Senais_Lands_3_2_1;x
1646;200;81;235;Senais_Lands_3_1_1;x
1647;183;84;40;Senais_Lands_3_3_2;x
1648;159;8;215;Senais_Lands_3_3_3;x
1649;146;150;170;Senais_Lands_3_3_1;x
1650;14;43;103;Senais_Lands_2_3_2;x
1651;255;70;49;Senais_Lands_2_2_2;x
1652;132;102;201;Senais_Lands_2_2_1;x
1653;40;121;52;Senais_Lands_2_2_3;x
1654;118;32;164;Senais_Lands_2_3_3;x
1655;254;95;217;Senais_Lands_2_3_1;x
1656;153;1;181;Senais_Lands_2_1_1;x
1657;237;125;76;Senais_Lands_2_1_2;x
1658;210;175;128;Senais_Lands_2_4_1;x
1659;78;180;180;wasteland_4;x
1660;180;254;2;river_2;x
1661;19;29;134;wasteland_8;x
1662;45;43;188;wasteland_5;x
1663;246;78;248;wasteland_3;x
1664;79;234;174;wasteland_6;x
1665;207;9;93;wasteland_7;x
1666;119;61;124;wasteland_11;x
1667;20;250;33;wasteland_14;x
1668;191;238;234;wasteland_13;x
1669;207;223;20;Pomrok_3_1_3;x
1670;220;66;189;Pomrok_3_1_1;x
1671;253;227;104;Pomrok_3_1_2;x
1672;108;211;13;Pomrok_3_1_4;x
1673;195;173;120;Pwaczia_1_5_2;x
1674;83;57;219;Pwaczia_1_5_1;x
1675;91;21;15;Pomrok_2_2_3;x
1676;181;140;2;Pomrok_2_4_2;x
1677;196;49;74;Pomrok_2_4_1;x
1678;11;249;145;Pomrok_2_4_3;x
1679;65;235;85;Pomrok_2_3_3;x
1680;78;211;202;Pomrok_2_2_2;x
1681;236;59;228;Pomrok_2_3_1;x
1682;201;223;104;Pomrok_2_1_3;x
1683;178;151;134;Pomrok_2_2_1;x
1684;223;180;179;Pomrok_2_1_2;x
1685;96;206;3;Pomrok_2_1_1;x
1686;248;149;85;Pwaczia_2_4_3;x
1687;72;189;95;Pwaczia_2_4_1;x
1688;231;114;102;Pwaczia_2_4_4;x
1689;27;165;193;Pomrok_1_3_1;x
1690;167;167;30;Pomrok_1_3_3;x
1691;59;104;135;Pomrok_1_1_2;x
1692;13;158;247;Pomrok_1_5_2;x
1693;104;98;25;Pomrok_1_5_3;x
1694;143;26;53;Pomrok_1_5_4;x
1695;166;195;184;Pomrok_1_4_4;x
1696;49;248;232;Pomrok_1_3_2;x
1697;208;17;69;Pomrok_1_5_1;x
1698;148;209;218;Pomrok_1_4_2;x
1699;90;162;82;Pomrok_1_4_3;x
1700;197;103;242;Pwaczia_2_4_2;x
1701;236;106;45;Pomrok_1_2_1;x
1702;53;137;109;Pomrok_1_1_1;x
1703;225;39;121;Pomrok_1_2_2;x
1704;202;7;92;Pomrok_1_2_3;x
1705;13;0;149;Pomrok_1_1_3;x
1706;3;136;41;Pomrok_1_4_1;x
1707;6;105;189;Pomrok_1_1_4;x
1708;235;6;253;Jaskowvia_3_4_4;x
1709;223;244;48;Jaskowvia_3_4_2;x
1710;135;82;179;Jaskowvia_3_4_1;x
1711;24;18;76;Jaskowvia_3_4_5;x
1712;86;244;2;Jaskowvia_3_4_3;x
1713;121;140;239;Despotic_Dwilia_1_2_1;x
1714;33;36;0;Despotic_Dwilia_1_2_2;x
1715;97;47;62;Despotic_Dwilia_1_1_1;x
1716;129;224;168;Despotic_Dwilia_1_1_2;x
1717;169;198;33;Despotic_Dwilia_1_1_3;x
1718;145;29;74;Despotic_Dwilia_1_3_3;x
1719;226;76;33;Despotic_Dwilia_1_3_1;x
1720;40;6;61;Despotic_Dwilia_1_3_2;x
1721;25;99;113;Powykac_2_4_4;x
1722;82;1;228;Powykac_2_4_2;x
1723;128;252;4;Powykac_2_1_1;x
1724;47;21;112;Powykac_2_1_2;x
1725;96;250;37;Powykac_2_4_3;x
1726;239;100;104;Powykac_2_1_3;x
1727;86;165;220;Powykac_2_4_1;x
1728;148;172;196;Powykac_2_3_1;x
1729;231;199;201;Powykac_2_3_3;x
1730;18;115;99;Powykac_2_3_4;x
1731;89;220;138;Pomrok_2_3_2;x
1732;28;210;133;Powykac_2_2_3;x
1733;39;119;239;Powykac_2_3_2;x
1734;225;86;29;Powykac_2_2_4;x
1735;80;105;116;Powykac_1_4_2;x
1736;124;72;77;Powykac_1_4_1;x
1737;142;242;4;Powykac_1_2_3;x
1738;198;169;93;Powykac_1_2_1;x
1739;115;56;56;Powykac_1_1_1;x
1740;63;8;105;Powykac_1_2_2;x
1741;194;141;48;Powykac_1_4_3;x
1742;2;194;215;Powykac_2_2_2;x
1743;59;29;85;Powykac_2_2_1;x
1744;13;215;215;Powykac_1_1_2;x
1745;55;20;9;Powykac_1_1_4;x
1746;57;20;20;Powykac_1_3_3;x
1747;41;194;47;Powykac_1_3_2;x
1748;82;44;115;Powykac_1_2_4;x
1749;201;111;94;Powykac_1_1_3;x
1750;252;94;154;Powykac_1_3_1;x
1751;91;89;229;Jaskowvia_1_2_2;x
1752;217;31;16;Pwaczia_2_5_3;x
1753;181;188;158;Pwaczia_2_5_2;x
1754;215;73;98;Pwaczia_2_5_1;x
1755;79;76;170;Pwaczia_2_3_4;x
1756;34;46;47;Pwaczia_2_3_2;x
1757;17;114;123;Pwaczia_2_3_3;x
1758;77;37;21;Pwaczia_2_2_2;x
1759;109;100;207;Pwaczia_2_2_3;x
1760;233;233;19;Pwaczia_2_2_1;x
1761;121;27;24;Pwaczia_2_3_1;x
1762;239;91;215;Pwaczia_2_1_2;x
1763;253;160;121;Pwaczia_2_1_4;x
1764;67;12;64;Pwaczia_2_1_3;x
1765;152;87;238;Pwaczia_2_1_1;x
1766;227;147;112;Pwaczia_1_3_4;x
1767;204;34;60;Pwaczia_1_3_1;x
1768;16;76;25;Pwaczia_1_3_2;x
1769;48;155;150;Pwaczia_1_2_4;x
1770;14;186;194;Pwaczia_1_2_1;x
1771;244;11;95;Pwaczia_1_2_2;x
1772;1;228;48;Pwaczia_1_1_1;x
1773;42;218;214;Pwaczia_1_1_2;x
1774;27;177;160;Pwaczia_1_3_3;x
1775;0;213;78;Pwaczia_1_2_3;x
1776;234;104;171;Pwaczia_1_1_3;x
1777;146;220;203;Pwaczia_1_4_2;x
1778;217;138;66;Pwaczia_1_4_3;x
1779;15;243;39;Pwaczia_1_4_1;x
1780;190;92;127;Pokojowa_3_3_1;x
1781;212;95;44;Pokojowa_3_3_3;x
1782;120;238;25;Pokojowa_3_3_2;x
1783;207;211;232;Pokojowa_3_3_5;x
1784;17;198;2;Pokojowa_3_3_4;x
1785;251;183;252;Pokojowa_3_2_2;x
1786;211;238;166;Pokojowa_3_1_3;x
1787;141;89;242;Pokojowa_3_1_2;x
1788;64;79;27;Pokojowa_4_1_2;x
1789;14;117;124;Pokojowa_4_1_1;x
1790;218;117;230;Pokojowa_4_1_3;x
1791;145;208;34;Pokojowa_4_3_1;x
1792;3;28;240;Pokojowa_4_3_3;x
1793;236;135;185;Pokojowa_3_2_4;x
1794;102;102;25;Pokojowa_3_2_5;x
1795;42;10;159;Pokojowa_3_2_3;x
1796;182;156;130;Pokojowa_3_2_1;x
1797;82;5;105;Pokojowa_4_3_4;x
1798;117;156;124;Pokojowa_4_2_1;x
1799;6;202;40;Pokojowa_4_3_2;x
1800;78;198;239;Pokojowa_4_2_2;x
1801;216;180;214;Pokojowa_4_2_3;x
1802;10;160;105;Pokojowa_4_4_2;x
1803;16;72;7;Pokojowa_4_4_1;x
1804;1;2;118;Pokojowa_4_4_3;x
1805;26;103;126;Pokojowa_4_2_4;x
1806;17;214;131;Pokojowa_2_3_3;x
1807;95;101;231;Pokojowa_2_3_2;x
1808;240;233;4;Pokojowa_2_3_1;x
1809;152;135;94;Pokojowa_2_4_3;x
1810;221;117;241;Pokojowa_3_1_1;x
1811;114;80;109;Pokojowa_2_4_1;x
1812;40;10;212;Pokojowa_2_1_3;x
1813;128;77;76;Pokojowa_2_2_1;x
1814;227;39;199;Pokojowa_1_1_2;x
1815;185;74;253;Pokojowa_1_2_1;x
1816;125;162;81;Pokojowa_1_2_3;x
1817;84;83;246;Pokojowa_1_3_1;x
1818;188;73;66;Pokojowa_1_3_4;x
1819;136;119;123;Pokojowa_1_1_3;x
1820;85;199;231;Pomrok_2_4_4;x
1821;114;116;48;Pokojowa_1_1_1;x
1822;1;3;159;Pokojowa_1_2_2;x
1823;37;28;165;Pokojowa_2_4_4;x
1824;12;249;146;Pokojowa_2_4_2;x
1825;170;0;84;Pokojowa_2_2_4;x
1826;244;85;45;Pokojowa_2_2_3;x
1827;124;77;124;Pokojowa_2_2_2;x
1828;103;195;15;Pokojowa_2_1_4;x
1829;204;51;168;Pokojowa_2_1_2;x
1830;187;146;12;Pokojowa_2_1_1;x
1831;165;150;174;Pokojowa_1_3_3;x
1832;123;231;210;Pokojowa_1_3_2;x
1833;220;208;217;Pokojowa_1_2_4;x
1834;211;99;20;wasteland_31;x
1835;161;6;138;wasteland_30;x
1836;148;69;115;wasteland_22;x
1837;129;131;18;wasteland_17;x
1838;137;83;63;wasteland_28;x
1839;237;110;205;Pavland_2_1_1;x
1840;46;103;50;Pavland_2_1_5;x
1841;92;156;157;Pavland_2_1_2;x
1842;85;194;172;Pavland_2_1_4;x
1843;233;33;80;Pavland_2_1_3;x
1844;183;17;82;Pavland_3_4_3;x
1845;245;31;233;Pavland_3_2_5;x
1846;103;30;180;Pavland_3_2_3;x
1847;194;15;51;Pavland_3_2_2;x
1848;221;154;56;Pavland_3_2_1;x
1849;51;189;76;Pavland_1_2_3;x
1850;64;38;181;Pavland_1_2_1;x
1851;97;104;164;Pavland_1_1_1;x
1852;52;38;169;Pavland_1_1_2;x
1853;221;99;26;Pavland_3_1_1;x
1854;175;250;83;Pavland_3_1_2;x
1855;102;65;200;Pavland_1_3_3;x
1856;81;94;177;Pavland_1_4_3;x
1857;73;34;165;Pavland_1_4_2;x
1858;186;84;14;Pavland_1_1_3;x
1859;240;137;183;Pavland_1_1_4;x
1860;58;96;138;Pavland_1_3_1;x
1861;162;77;80;Pavland_1_3_2;x
1862;1;94;122;Pavland_1_2_2;x
1863;250;136;212;Pavland_1_4_1;x
1864;183;77;163;Pavland_3_4_2;x
1865;148;167;21;Pavland_3_3_4;x
1866;66;168;37;Pavland_3_3_3;x
1867;106;71;109;Pavland_3_2_4;x
1868;227;99;200;Pavland_3_4_1;x
1869;104;92;243;Pavland_3_3_2;x
1870;246;3;164;Pavland_3_1_4;x
1871;242;91;184;Pavland_3_1_3;x
1872;70;171;172;Pavland_3_3_1;x
1873;51;28;14;Witamia_1_1_1;x
1874;65;49;84;Witamia_1_1_3;x
1875;172;217;174;Witamia_1_1_2;x
1876;54;205;157;Sowkovia_2_2_2;x
1877;187;3;207;Sowkovia_2_4_2;x
1878;176;24;124;Sowkovia_1_5_3;x
1879;0;128;27;Sowkovia_1_5_4;x
1880;87;13;173;Sowkovia_2_4_3;x
1881;48;126;38;Sowkovia_2_3_2;x
1882;0;28;201;Sowkovia_2_3_3;x
1883;134;60;4;Sowkovia_2_3_1;x
1884;253;156;49;Sowkovia_1_4_3;x
1885;121;223;14;Sowkovia_1_5_2;x
1886;189;218;96;Sowkovia_2_3_4;x
1887;147;192;223;Sowkovia_1_5_1;x
1888;65;75;22;Sowkovia_1_1_2;x
1889;57;14;133;Sowkovia_1_1_1;x
1890;60;14;103;Sowkovia_1_1_3;x
1891;169;227;20;Sowkovia_2_2_4;x
1892;228;0;75;Sowkovia_2_4_1;x
1893;72;72;39;Sowkovia_2_2_3;x
1894;167;188;180;Sowkovia_2_2_1;x
1895;234;26;109;Sowkovia_2_1_1;x
1896;189;162;59;Sowkovia_2_1_3;x
1897;137;121;119;Sowkovia_2_1_4;x
1898;228;32;13;Sowkovia_2_1_2;x
1899;4;248;179;Sowkovia_1_2_2;x
1900;105;90;204;Sowkovia_1_4_1;x
1901;189;61;235;Sowkovia_1_2_1;x
1902;44;57;47;Sowkovia_1_1_4;x
1903;191;159;24;Sowkovia_1_2_3;x
1904;65;105;74;Sowkovia_1_4_2;x
1905;193;239;41;Sowkovia_1_3_2;x
1906;59;15;128;Sowkovia_1_3_1;x
1907;191;2;55;Sowkovia_1_3_3;x
1908;7;32;14;Witamia_1_2_3;x
1909;120;132;121;Witamia_1_3_4;x
1910;80;106;111;Witamia_1_4_2;x
1911;70;171;168;Witamia_1_3_3;x
1912;209;132;228;Witamia_1_3_2;x
1913;23;19;16;Witamia_2_4_3;x
1914;233;40;66;Witamia_1_3_1;x
1915;77;71;85;Witamia_1_4_1;x
1916;246;116;79;Witamia_2_3_3;x
1917;61;174;25;Witamia_2_4_2;x
1918;138;178;20;Witamia_1_4_3;x
1919;126;164;53;Witamia_1_2_2;x
1920;87;123;79;Witamia_1_2_1;x
1921;110;189;98;Witamia_2_3_1;x
1922;228;79;144;Witamia_2_3_2;x
1923;117;121;35;Witamia_2_4_1;x
1924;1;27;111;Witamia_2_1_3;x
1925;129;31;119;Witamia_2_1_1;x
1926;49;27;11;Witamia_2_2_2;x
1927;196;241;82;Witamia_2_1_4;x
1928;18;238;212;Witamia_2_1_2;x
1929;3;99;4;Witamia_2_2_1;x
1930;19;230;153;Witamia_2_2_3;x
1931;60;144;146;Jaskowvia_3_2_2;x
1932;79;71;191;Jaskowvia_3_2_4;x
1933;174;30;65;Jaskowvia_4_3_4;x
1934;78;19;100;Jaskowvia_4_3_2;x
1935;78;170;9;Jaskowvia_3_1_2;x
1936;31;9;151;Jaskowvia_3_2_1;x
1937;86;137;192;Jaskowvia_1_4_1;x
1938;43;119;166;Jaskowvia_2_1_3;x
1939;52;50;165;Jaskowvia_2_1_4;x
1940;110;212;179;Jaskowvia_3_2_3;x
1941;189;84;176;Jaskowvia_3_1_3;x
1942;72;236;57;Jaskowvia_3_1_1;x
1943;88;20;158;Jaskowvia_3_1_4;x
1944;228;66;78;Jaskowvia_3_3_2;x
1945;137;36;80;Jaskowvia_3_3_1;x
1946;149;149;35;Jaskowvia_1_4_4;x
1947;209;167;57;Jaskowvia_3_5_2;x
1948;75;85;54;Jaskowvia_3_5_3;x
1949;83;202;203;Jaskowvia_2_4_3;x
1950;137;2;108;Jaskowvia_1_4_2;x
1951;242;211;225;Jaskowvia_4_1_2;x
1952;105;231;187;Jaskowvia_3_5_1;x
1953;246;29;191;Jaskowvia_3_3_3;x
1954;94;136;200;Jaskowvia_2_1_2;x
1955;83;221;244;Jaskowvia_2_2_1;x
1956;117;170;58;Jaskowvia_2_2_2;x
1957;135;61;173;Jaskowvia_2_2_3;x
1958;102;143;155;Jaskowvia_2_2_4;x
1959;99;80;139;Jaskowvia_2_3_2;x
1960;101;128;208;Jaskowvia_2_3_4;x
1961;196;111;229;Jaskowvia_2_3_3;x
1962;91;146;120;Jaskowvia_2_3_1;x
1963;167;90;103;Jaskowvia_2_4_2;x
1964;212;187;31;Jaskowvia_2_4_1;x
1965;163;75;180;Jaskowvia_4_2_2;x
1966;125;99;169;Jaskowvia_4_2_3;x
1967;173;147;228;Jaskowvia_4_3_3;x
1968;158;84;7;Jaskowvia_2_1_1;x
1969;3;98;134;Jaskowvia_4_3_1;x
1970;2;107;186;Jaskowvia_1_1_2;x
1971;128;76;229;Jaskowvia_4_2_1;x
1972;200;37;41;Jaskowvia_1_3_2;x
1973;159;120;78;Jaskowvia_1_4_3;x
1974;2;29;4;Jaskowvia_4_1_3;x
1975;139;232;118;Jaskowvia_4_1_1;x
1976;176;150;205;Jaskowvia_1_2_4;x
1977;192;25;81;Jaskowvia_1_3_4;x
1978;162;83;32;Jaskowvia_1_3_1;x
1979;192;35;71;Jaskowvia_1_2_3;x
1980;21;39;32;Jaskowvia_1_3_3;x
1981;3;136;181;Jaskowvia_1_2_1;x
1982;12;157;206;Jaskowvia_1_1_1;x
1983;65;152;238;Jaskowvia_1_1_3;x
1984;26;218;72;wasteland_15;x
1985;114;15;70;wasteland_21;x
1986;0;73;21;wasteland_24;x
1987;15;233;203;wasteland_33;x
1988;250;91;199;wasteland_32;x
1989;92;93;11;deep_sea_1;x
1990;236;139;98;Kollon_4_3_2;x
1991;28;44;237;wasteland_1;x
1992;19;183;48;wasteland_26;x
